Product Name,SUM of Profit,Product Name,SUM of Profit
Canon imageCLASS 2200 Advanced Copier,25199.928,Canon imageCLASS 2200 Advanced Copier,25200
Fellowes PB500 Electric Punch Plastic Comb Binding Machine with Manual Bind,7753.039,Fellowes PB500 Electric Punch Plastic Comb Binding Machine with Manual Bind,7753
Hewlett Packard LaserJet 3310 Copier,6983.8836,Hewlett Packard LaserJet 3310 Copier,6984
Canon PC1060 Personal Laser Copier,4570.9347,Canon PC1060 Personal Laser Copier,4571
"HP Designjet T520 Inkjet Large Format Printer - 24"" Color",4094.9766,"HP Designjet T520 Inkjet Large Format Printer - 24"" Color",4095
Ativa V4110MDD Micro-Cut Shredder,3772.9461,,
"3D Systems Cube Printer, 2nd Generation, Magenta",3717.9714,,
Plantronics Savi W720 Multi-Device Wireless Headset System,3696.282,,
Ibico EPK-21 Electric Binding System,3345.2823,,
Zebra ZM400 Thermal Label Printer,3343.536,,
Honeywell Enviracaire Portable HEPA Air Cleaner for 17' x 22' Room,3247.02,,
Hewlett Packard 610 Color Digital Copier / Printer,3124.9375,,
Plantronics CS510 - Over-the-Head monaural Wireless Headset System,3085.0325,,
Canon Imageclass D680 Copier / Fax,2799.96,,
Fellowes PB300 Plastic Comb Binding Machine,2518.0551,,
Ibico Ibimaster 300 Manual Binding System,2318.337,,
Logitech Z-906 Speaker sys - home theater - 5.1-CH,2243.932,,
GBC DocuBind TL300 Electric Binding System,2233.5051,,
Razer Tiamat Over Ear 7.1 Surround Sound PC Gaming Headset,2155.8922,,
Canon PC940 Copier,2092.4535,,
Sharp AL-1530CS Digital Copier,2064.9587,,
"Hot File 7-Pocket, Floor Stand",2016.711,,
Canon imageCLASS MF7460 Monochrome Digital Laser Multifunction Copier,1995.99,,
Canon PC1080F Personal Copier,1973.9671,,
Adjustable Depth Letter/Legal Cart,1932.549,,
"Hon Deluxe Fabric Upholstered Stacking Chairs, Rounded Back",1927.442,,
Samsung Galaxy Mega 6.3,1822.7566,,
Canon Image Class D660 Copier,1691.9718,,
Hewlett-Packard Desktjet 6988DT Refurbished Printer,1668.205,,
"Sanyo Counter Height Refrigerator with Crisper, 3.6 Cubic Foot, Stainless Steel/Black",1653.8256,,
Sharp 1540cs Digital Laser Copier,1649.97,,
Logitech P710e Mobile Speakerphone,1645.3611,,
"Dual Level, Single-Width Filing Carts",1640.5348,,
Apple iPhone 5,1611.5784,,
GBC DocuBind TL200 Manual Binding Machine,1592.4978,,
Tennsco 6- and 18-Compartment Lockers,1575.1098,,
Global Deluxe High-Back Manager's Chair,1558.591,,
Hon Pagoda Stacking Chairs,1540.704,,
"Dot Matrix Printer Tape Reel Labels, White, 5000/Box",1517.9064,,
Honeywell Enviracaire Portable HEPA Air Cleaner for 16' x 20' Room,1503.5202,,
Canon PC-428 Personal Copier,1469.9265,,
Hewlett-Packard Deskjet 3050a All-in-One Color Inkjet Printer,1459.2,,
Logitech diNovo Edge Keyboard,1432.4427,,
Hon 4070 Series Pagoda Armless Upholstered Stacking Chairs,1388.6348,,
Iceberg Mobile Mega Data/Printer Cart,1388.6082,,
Deluxe Rollaway Locking File with Drawer,1380.7216,,
Bady BDG101FRU Card Printer,1327.9834,,
Office Star - Professional Matrix Back Chair with 2-to-1 Synchro Tilt and Mesh Fabric Seat,1305.6456,,
Hon Olson Stacker Chairs,1292.1264,,
Xerox 1915,1262.394,,
Standard Rollaway File with Lock,1261.33,,
"GE 48"" Fluorescent Tube, Cool White Energy Saver, 34 Watts, 30/Box",1260.221,,
Letter Size Cart,1252.8822,,
Hon GuestStacker Chair,1233.0848,,
Maxell iVDR EX 500GB Cartridge,1184.822,,
SAFCO Arco Folding Chair,1179.374,,
Panasonic KX-TG9471B,1168.1004,,
Brother DCP1000 Digital 3 in 1 Multifunction Machine,1154.9615,,
Panasonic KX-TG9541B DECT 6.0 Digital 2-Line Expandable Cordless Phone With Digital Answering System,1147.4235,,
Tennsco 16-Compartment Lockers with Coat Rack,1114.3708,,
Smead Adjustable Mobile File Trolley with Lockable Top,1106.6616,,
Samsung Galaxy S4 Mini,1104.4765,,
Easy-staple paper,1096.0292,,
Fellowes Powershred HS-440 4-Sheet High Security Shredder,1092.6795,,
Ibico EB-19 Dual Function Manual Binding System,1086.3772,,
ClearOne CHATAttach 160 - speaker phone,1053.983,,
Hon 4070 Series Pagoda Round Back Stacking Chairs,1052.8144,,
GBC DocuBind 200 Manual Binding Machine,1052.45,,
Wilson SignalBoost 841262 DB PRO Amplifier Kit,1043.855,,
Samsung Galaxy S4 Active,1039.9792,,
Razer Kraken 7.1 Surround Sound Over Ear USB Gaming Headset,995.9004,,
"Lifetime Advantage Folding Chairs, 4/Carton",972.6368,,
Bose SoundLink Bluetooth Speaker,967.14,,
Sanyo 2.5 Cubic Foot Mid-Size Office Refrigerators,956.9502,,
Global Troy Executive Leather Low-Back Tilter,951.862,,
Nortel Meridian M3904 Professional Digital phone,936.2592,,
Global Commerce Series High-Back Swivel/Tilt Chairs,926.185,,
Cisco SPA301,904.742,,
Polycom VVX 310 VoIP phone,899.95,,
Polycom CX600 IP Phone VoIP phone,896.8505,,
Logitech G700s Rechargeable Gaming Mouse,889.911,,
Imation Bio 2GB USB Flash Drive Imation Corp,881.5296,,
Okidata MB760 Printer,881.37,,
Jawbone JAMBOX Wireless Bluetooth Speaker,872.1048,,
Safco Contoured Stacking Chairs,870.16,,
"Global Leather and Oak Executive Chair, Black",854.7832,,
Multicolor Computer Printout Paper,851.382,,
Hewlett Packard 310 Color Digital Copier,839.972,,
GE 30524EE4,838.8372,,
Hon Olson Stacker Stools,833.5952,,
Hon 4700 Series Mobuis Mid-Back Task Chairs with Adjustable Arms,832.9932,,
Hon Multipurpose Stacking Arm Chairs,814.416,,
Xerox 1908,799.3944,,
Global Ergonomic Managers Chair,785.4532,,
Mitel MiVoice 5330e IP Phone,780.9716,,
"Atlantic Metals Mobile 3-Shelf Bookcases, Custom Colors",780.3302,,
GuestStacker Chair with Chrome Finish Legs,773.2608,,
Logitech Wireless Gaming Headset G930,763.1523,,
GBC Ibimaster 500 Manual ProClick Binding System,760.98,,
Xerox 1945,756.2655,,
Plantronics S12 Corded Telephone Headset System,754.53,,
Staple envelope,751.629,,
Global Executive Mid-Back Manager's Chair,750.7284,,
Xerox 189,746.532,,
Wireless Extenders zBoost YX545 SOHO Signal Booster,733.2812,,
Xerox 1919,729.622,,
Logitech G19 Programmable Gaming Keyboard,729.0612,,
NETGEAR AC1750 Dual Band Gigabit Smart WiFi Router,723.1548,,
Enermax Aurora Lite Keyboard,722.106,,
Logitech Wireless Headset h800,719.928,,
Hoover Shoulder Vac Commercial Portable Vacuum,715.64,,
Google Nexus 5,710.9605,,
Xerox 1941,704.592,,
Global Leather Executive Chair,701.98,,
Logitech G35 7.1-Channel Surround Sound Headset,699.3462,,
Hoover WindTunnel Plus Canister Vacuum,697.44,,
Global Comet Stacking Arm Chair,697.1415,,
Economy Rollaway Files,693.84,,
Fellowes PB200 Plastic Comb Binding Machine,693.5592,,
Logitech Gaming G510s - Keyboard,676.5204,,
Jabra SPEAK 410,654.1704,,
Cisco SPA525G2 5-Line IP Phone,648.5624,,
Microsoft Sculpt Comfort Mouse,634.406,,
Cameo Buff Policy Envelopes,632.2568,,
Enermax Acrylux Wireless Keyboard,630.468,,
"Electrix Architect's Clamp-On Swing Arm Lamp, Black",627.1722,,
NETGEAR N750 Dual Band Wi-Fi Gigabit Router,622.8,,
Xerox 1893,619.3589,,
"SAFCO PlanMaster Heigh-Adjustable Drafting Table Base, 43w x 30d x 30-37h, Black",608.043,,
"Ativa D5772 2-Line 5.8GHz Digital Expandable Corded/Cordless Phone System with Answering & Caller ID/Call Waiting, Black/Silver",593.964,,
Xiaomi Mi3,592.7896,,
Plantronics Audio 995 Wireless Stereo Headset,587.133,,
"1.7 Cubic Foot Compact ""Cube"" Office Refrigerators",578.6848,,
Pyle PMP37LED,576.8999,,
Aastra 57i VoIP phone,575.3316,,
Xerox 1917,574.6925,,
"Global Airflow Leather Mesh Back Chair, Black",573.724,,
Digium D40 VoIP phone,571.4257,,
Tyvek Side-Opening Peel & Seel Expanding Envelopes,570.024,,
"3M Polarizing Task Lamp with Clamp Arm, Light Gray",569.8368,,
GBC DocuBind P50 Personal Binding Machine,569.422,,
O'Sullivan 2-Door Barrister Bookcase in Odessa Pine,566.4674,,
Kensington 7 Outlet MasterPiece HOMEOFFICE Power Control Center,563.816,,
GBC ProClick Punch Binding System,562.3842,,
Ames Color-File Green Diamond Border X-ray Mailers,559.3068,,
Logitech Wireless Marathon Mouse M705,554.889,,
Honeywell Quietcare HEPA Air Cleaner,549.7635,,
BlackBerry Q10,548.0565,,
White Computer Printout Paper by Universal,547.6788,,
Xerox 1891,542.901,,
Hon Non-Folding Utility Tables,541.654,,
Logitech G600 MMO Gaming Mouse,540.7324,,
Wi-Ex zBoost YX540 Cellular Phone Signal Booster,540.015,,
Xerox 1888,539.2656,,
"24 Capacity Maxi Data Binder Racks, Pearl",536.9025,,
Logitech 910-002974 M325 Wireless Mouse for Web Scrolling,536.2212,,
Xerox 1934,526.212,,
"Avery 4027 File Folder Labels for Dot Matrix Printers, 5000 Labels per Box, White",524.5054,,
Polycom SoundStation2 EX Conference phone,518.336,,
Logitech Illuminated - Keyboard,515.914,,
Wilson Electronics DB Pro Signal Booster,515.52,,
Logitech G602 Wireless Gaming Mouse,515.1356,,
Plantronics Audio 478 Stereo USB Headset,514.897,,
Airmail Envelopes,514.4909,,
Global Comet Stacking Armless Chair,514.366,,
Apple iPhone 5S,512.991,,
Fellowes Staxonsteel Drawer Files,509.9688,,
Zebra GX420t Direct Thermal/Thermal Transfer Printer,509.712,,
Plantronics Calisto P620-M USB Wireless Speakerphone System,505.6542,,
"Global Fabric Manager's Chair, Dark Gray",499.851,,
WD My Passport Ultra 2TB Portable External Hard Drive,499.8,,
Hon Mobius Operator's Chair,499.3394,,
Logitech Wireless Performance Mouse MX for PC and Mac,497.9502,,
Xerox 1906,497.5776,,
GBC DocuBind 300 Electric Binding Machine,494.4212,,
"Global Manager's Adjustable Task Chair, Storm",493.7046,,
"Eaton Premium Continuous-Feed Paper, 25% Cotton, Letter Size, White, 1000 Shts/Box",492.6624,,
GBC DocuBind P100 Manual Binding Machine,489.641,,
DMI Arturo Collection Mission-style Design Wood Chair,486.1556,,
"Fellowes Mobile File Cart, Black",485.004,,
Aastra 6757i CT Wireless VoIP phone,482.5856,,
Razer Kraken PRO Over Ear PC and Music Headset,479.94,,
VTech DS6151,478.762,,
Avanti 1.7 Cu. Ft. Refrigerator,476.6256,,
AT&T CL83451 4-Handset Telephone,473.777,,
Fellowes Super Stor/Drawer Files,473.3415,,
Motorola L703CM,467.97,,
Cisco 9971 IP Video Phone Charcoal,466.4,,
DYMO CardScan Personal V9 Business Card Scanner,463.971,,
Xerox 1885,461.184,,
Bretford CR8500 Series Meeting Room Furniture,461.127,,
Hoover Upright Vacuum With Dirt Cup,460.3527,,
"Snap-A-Way Black Print Carbonless Ruled Speed Letter, Triplicate",453.7624,,
GBC Recycled Regency Composition Covers,451.9368,,
"Howard Miller 11-1/2"" Diameter Ridgewood Wall Clock",448.7616,,
"Hunt PowerHouse Electric Pencil Sharpener, Blue",448.164,,
Bevis 36 x 72 Conference Tables,448.164,,
Samsung Galaxy S4,438.193,,
netTALK DUO VoIP Telephone Service,430.418,,
"Hon Practical Foundations 30 x 60 Training Table, Light Gray/Charcoal",430.0695,,
Tennsco Double-Tier Lockers,429.7882,,
Logitech G500s Laser Gaming Mouse with Adjustable Weight Tuning,429.7386,,
Office Star - Contemporary Swivel Chair with Padded Adjustable Arms and Flex Back,425.7596,,
Toshiba IPT2010-SD IP Telephone,425.3094,,
Xerox 1914,423.7416,,
ShoreTel ShorePhone IP 230 VoIP phone,422.475,,
"Tyvek Interoffice Envelopes, 9 1/2"" x 12 1/2"", 100/Box",421.9816,,
Fellowes High-Stak Drawer Files,419.3322,,
Vtech CS6719,418.5164,,
Honeywell Enviracaire Portable HEPA Air Cleaner for up to 10 x 16 Room,417.0244,,
"Recycled Data-Pak for Archival Bound Computer Printouts, 12-1/2 x 12-1/2 x 16",414.918,,
Office Star Flex Back Scooter Chair with Aluminum Finish Frame,413.649,,
GBC Therma-A-Bind 250T Electric Binding System,413.2464,,
LG G3,411.579,,
Maxell 4.7GB DVD-R,411.2262,,
"Rush Hierlooms Collection 1"" Thick Stackable Bookcases",410.352,,
Imation Secure+ Hardware Encrypted USB 2.0 Flash Drive; 16GB,408.744,,
"White Dual Perf Computer Printout Paper, 2700 Sheets, 1 Part, Heavyweight, 20 lbs., 14 7/8 x 11",408.2604,,
Xerox 1988,404.289,,
"Acco 7-Outlet Masterpiece Power Center, Wihtout Fax/Phone Line Protection",401.214,,
Xerox 1909,400.976,,
Imation Bio 8GB USB Flash Drive Imation Corp,398.976,,
Nortel Networks T7316 E Nt8 B27,397.7415,,
Ativa MDM8000 8-Sheet Micro-Cut Shredder,393.2563,,
"Fellowes Strictly Business Drawer File, Letter/Legal Size",388.746,,
Geemarc AmpliPOWER60,384.192,,
Avanti 4.4 Cu. Ft. Refrigerator,383.6776,,
"Holmes Replacement Filter for HEPA Air Cleaner, Very Large Room, HEPA Filter",381.2074,,
Green Bar Computer Printout Paper,380.8728,,
Kensington 4 Outlet MasterPiece Compact Power Control Center,380.5776,,
Logitech G430 Surround Sound Gaming Headset with Dolby 7.1 Technology,377.5528,,
Plantronics Voyager Pro HD - Bluetooth Headset,376.942,,
"Howard Miller 14-1/2"" Diameter Chrome Round Wall Clock",375.9672,,
Xerox 1913,375.0448,,
Harmony Air Purifier,374.22,,
GBC Prestige Therm-A-Bind Covers,364.7153,,
"Hon Metal Bookcases, Putty",362.7078,,
Avaya IP Phone 1140E VoIP phone,362.687,,
Luxo Adjustable Task Clamp Lamp,362.4672,,
Kensington Expert Mouse Optical USB Trackball for PC or Mac,360.962,,
Star Micronics TSP800 TSP847IIU Receipt Printer,360.318,,
Kensington Orbit Wireless Mobile Trackball for PC and Mac,357.5404,,
Xerox 191,354.2454,,
Global Adaptabilities Conference Tables,354.0348,,
Xerox 1883,354.0196,,
Luxo Professional Combination Clamp-On Lamps,345.774,,
Office Star - Mid Back Dual function Ergonomic High Back Chair with 2-Way Adjustable Arms,342.8874,,
Xerox 1916,342.58,,
Imation 16GB Mini TravelDrive USB 2.0 Flash Drive,342.5642,,
Motorola Droid Maxx,341.9772,,
"Howard Miller 13"" Diameter Pewter Finish Round Wall Clock",340.5142,,
AT&T TR1909W,340.173,,
Polycom VoiceStation 500 Conference phone,339.1925,,
Harbour Creations Steel Folding Chair,336.375,,
GE 30522EE2,336.371,,
Xerox 1960,334.584,,
Satellite Sectional Post Binders,329.0478,,
Ibico Plastic Spiral Binding Combs,328.928,,
Xerox 1943,328.6752,,
Konftel 250 Conference phone - Charcoal black,324.6948,,
Avaya 5420 Digital phone,323.976,,
Tops White Computer Printout Paper,321.8278,,
SanDisk Cruzer 64 GB USB Flash Drive,319.616,,
Deflect-o Glass Clear Studded Chair Mats,318.3616,,
HTC One Mini,317.4948,,
Ooma Telo VoIP Home Phone System,314.975,,
Electrix Halogen Magnifier Lamp,314.766,,
Xerox 1964,314.7352,,
Adtran 1202752G1,312.4552,,
"Bush Cubix Conference Tables, Fully Assembled",311.823,,
"Advantus Employee of the Month Certificate Frame, 11 x 13-1/2",311.7744,,
Kensington 7 Outlet MasterPiece Power Center with Fax/Phone Line Protection,311.22,,
Sauder Inglewood Library Bookcases,311.1836,,
Boston Heavy-Duty Trimline Electric Pencil Sharpeners,310.89,,
"Strathmore #10 Envelopes, Ultimate White",309.9348,,
Xerox 1886,302.728,,
Innergie mMini Combo Duo USB Travel Charging Kit,302.3328,,
Avery 485,300.3441,,
Cisco SPA 502G IP Phone,299.875,,
"Blue String-Tie & Button Interoffice Envelopes, 10 x 13",299.85,,
"Howard Miller 13"" Diameter Goldtone Round Wall Clock",294.3138,,
Staples,292.2046,,
"Eureka The Boss Lite 10-Amp Upright Vacuum, Blue",291.7824,,
Holmes Harmony HEPA Air Purifier for 17 x 20 Room,290.3016,,
Luxo Professional Fluorescent Magnifier Lamp with Clamp-Mount Base,289.5792,,
Dana Halogen Swing-Arm Architect Lamp,288.4288,,
"Mini 13-1/2 Capacity Data Binder Rack, Pearl",287.914,,
Logitech Trackman Marble Mouse,286.7044,,
Xerox 1880,285.6464,,
Nokia Lumia 925,284.7374,,
Premium Transparent Presentation Covers by GBC,284.0692,,
"Global Push Button Manager's Chair, Indigo",283.7474,,
Hon Every-Day Series Multi-Task Chairs,281.97,,
GBC VeloBinder Manual Binding System,280.722,,
Memorex Mini Travel Drive 16 GB USB 2.0 Flash Drive,280.2735,,
Xerox 1911,279.736,,
Xerox 1940,279.1968,,
Xerox 1942,278.958,,
"Trav-L-File Heavy-Duty Shuttle II, Black",278.848,,
"Advantus 10-Drawer Portable Organizer, Chrome Metal Frame, Smoke Drawers",277.2864,,
Polycom SoundPoint Pro SE-225 Corded phone,276.0568,,
Hypercom P1300 Pinpad,275.31,,
"Tyvek  Top-Opening Peel & Seel  Envelopes, Gray",274.941,,
ClearOne Communications CHAT 70 OC Speaker Phone,273.4628,,
Xerox 1882,273.1824,,
AT&T 1080 Phone,271.2402,,
Star Micronics TSP100 TSP143LAN Receipt Printer,269.308,,
"Global Leather Highback Executive Chair with Pneumatic Height Adjustment, Black",267.3034,,
Executive Impressions Supervisor Wall Clock,266.072,,
Ibico Recycled Linen-Style Covers,262.4832,,
"File Shuttle II and Handi-File, Black",260.953,,
"Xerox Color Copier Paper, 11"" x 17"", Ream",260.8328,,
GBC Twin Loop Wire Binding Elements,259.584,,
Jabra Supreme Plus Driver Edition Headset,259.1784,,
"SAFCO Mobile Desk Side File, Wire Frame",259.1256,,
Xerox 1944,257.3664,,
"Howard Miller 11-1/2"" Diameter Brentwood Wall Clock",256.1922,,
Sony Micro Vault Click 16 GB USB 2.0 Flash Drive,255.3144,,
Xerox 1991,254.8944,,
Harbour Creations 67200 Series Stacking Chairs,254.8244,,
Recycled Steel Personal File for Standard File Folders,254.334,,
"Iceberg Nesting Folding Chair, 19w x 6d x 43h",253.8392,,
Nortel Meridian M5316 Digital phone,253.771,,
Plantronics HL10 Handset Lifter,250.5384,,
"Howard Miller 13-1/2"" Diameter Rosebrook Wall Clock",247.572,,
"Global Value Steno Chair, Gray",245.997,,
Xerox 1951,244.742,,
Deflect-o DuraMat Antistatic Studded Beveled Mat for Medium Pile Carpeting,244.3888,,
Avery 477,244.24,,
Alphabetical Labels for Top Tab Filing,244.2,,
Logitech Mobile Speakerphone P710e - speaker phone,241.6142,,
Eureka The Boss Cordless Rechargeable Stick Vac,241.1354,,
Xerox 1935,239.0028,,
Southworth 25% Cotton Premium Laser Paper and Envelopes,236.5632,,
Xerox 1910,236.3568,,
Xerox 1889,236.328,,
Kensington 6 Outlet MasterPiece HOMEOFFICE Power Control Center,235.5264,,
Tuf-Vin Binders,234.3236,,
"Situations Contoured Folding Chairs, 4/Set",234.234,,
Advantus Rolling Drawer Organizers,233.1888,,
Office Star - Ergonomic Mid Back Chair with 2-Way Adjustable Arms,231.6544,,
Apple iPhone 5C,229.977,,
"Hon Metal Bookcases, Gray",229.9752,,
Samsung Rugby III,229.6452,,
Kensington 7 Outlet MasterPiece Power Center,229.5942,,
Global Deluxe Office Fabric Chairs,229.3922,,
Cisco IP Phone 7961G VoIP phone - Dark gray,228.396,,
Memorex Mini Travel Drive 64 GB USB 2.0 Flash Drive,228.312,,
"Tyvek  Top-Opening Peel & Seel Envelopes, Plain White",225.0504,,
"#10 White Business Envelopes,4 1/8 x 9 1/2",223.1408,,
"Sauder Facets Collection Locker/File Cabinet, Sky Alder Finish",222.588,,
Plantronics Cordless Phone Headset with In-line Volume - M214C,219.8355,,
Lexmark 20R1285 X6650 Wireless All-in-One Printer,218.4,,
PureGear Roll-On Screen Protector,218.2908,,
Xerox 1887,216.258,,
"Wilson Jones Ledger-Size, Piano-Hinge Binder, 2"", Blue",215.5548,,
"TRENDnet 56K USB 2.0 Phone, Internet and Fax Modem",212.298,,
Logitech MX Performance Wireless Mouse,211.8159,,
Mitel 5320 IP Phone VoIP phone,211.6688,,
Surelock Post Binders,210.864,,
Bush Advantage Collection Round Conference Table,210.474,,
Cisco SPA508G,207.8685,,
Xerox 1881,207.0408,,
Belkin 5 Outlet SurgeMaster Power Centers,207.024,,
"Global Adaptabilites Bookcase, Cherry/Storm Gray Finish",206.8704,,
Boston 1645 Deluxe Heavier-Duty Electric Pencil Sharpener,206.2662,,
Eldon Mobile Mega Data Cart  Mega Stackable  Add-On Trays,205.755,,
Xerox 1884,204.5952,,
Global Italian Leather Office Chair,204.3288,,
"Howard Miller 13-3/4"" Diameter Brushed Chrome Round Wall Clock",201.825,,
Mophie Juice Pack Helium for iPhone,201.5748,,
Bionaire Personal Warm Mist Humidifier/Vaporizer,201.1581,,
Fellowes Bases and Tops For Staxonsteel/High-Stak Systems,201.0716,,
Xerox 1939,200.3232,,
Xerox 1937,199.8464,,
"Belkin 325VA UPS Surge Protector, 6'",199.617,,
Home/Office Personal File Carts,198.132,,
"Global Value Mid-Back Manager's Chair, Gray",197.8925,,
Eldon Portable Mobile Manager,197.3944,,
"Floodlight Indoor Halogen Bulbs, 1 Bulb per Pack, 60 Watts",197.104,,
Imation Secure Drive + Hardware Encrypted USB flash drive - 16 GB,196.0284,,
Samsung HM1900 Bluetooth Headset,195.355,,
Xerox 197,195.174,,
Jackery Bar Premium Fast-charging Portable Charger,192.279,,
Howard Miller Distant Time Traveler Alarm Clock,192.2142,,
Lexmark X 9575 Professional All-in-One Color Printer,190.08,,
Memorex Froggy Flash Drive 8 GB,189.57,,
Belkin 8 Outlet Surge Protector,188.508,,
"IBM Multi-Purpose Copy Paper, 8 1/2 x 11"", Case",185.88,,
Steel Personal Filing/Posting Tote,185.7173,,
Xerox 194,184.1936,,
Microsoft Wireless Mobile Mouse 4000,183.954,,
9-3/4 Diameter Round Wall Clock,183.1312,,
Xerox 1925,182.782,,
Binding Machine Supplies,182.6042,,
"Tennsco Snap-Together Open Shelving Units, Starter Sets and Add-On Units",181.662,,
"Maxell 74 Minute CD-R Spindle, 50/Pack",181.1808,,
24-Hour Round Wall Clock,180.0198,,
Panasonic KX MB2061 Multifunction Printer,179.73,,
"Computer Room Manger, 14""",179.2896,,
"TOPS Carbonless Receipt Book, Four 2-3/4 x 7-1/4 Money Receipts per Page",178.704,,
Panasonic KX TS3282W Corded phone,178.479,,
"Plantronics CS 50-USB - headset - Convertible, Monaural",178.1469,,
Jet-Pak Recycled Peel 'N' Seal Padded Mailers,177.6555,,
Socket Bluetooth Cordless Hand Scanner (CHS),177.198,,
Belkin 7 Outlet SurgeMaster II,176.8704,,
Plantronics Voyager Pro Legend,173.0316,,
14-7/8 x 11 Blue Bar Computer Printout Paper,172.944,,
"Tenex Traditional Chairmats for Medium Pile Carpet, Standard Lip, 36"" x 48""",172.246,,
Tops Green Bar Computer Printout Paper,171.29,,
invisibleSHIELD by ZAGG Smudge-Free Screen Protector,171.2648,,
"Safco Chair Connectors, 6/Carton",170.8512,,
"Fellowes Premier Superior Surge Suppressor, 10-Outlet, With Phone and Remote",169.2632,,
Computer Printout Paper with Letter-Trim Perforations,169.2124,,
Belkin 8 Outlet SurgeMaster II Gold Surge Protector with Phone Protection,168.4384,,
AT&T 17929 Lendline Telephone,167.388,,
Fellowes 8 Outlet Superior Workstation Surge Protector,166.84,,
"Executive Impressions 14""",166.2804,,
Avery 505,165.76,,
AT&T 841000 Phone,165.6,,
"Dixon Ticonderoga Core-Lock Colored Pencils, 48-Color Set",165.206,,
Globe Weis Peel & Seel First Class Envelopes,164.862,,
Panasonic Business Telephones KX-T7736,163.818,,
Plantronics Encore H101 Dual Earpieces Headset,163.618,,
"Green Canvas Binder for 8-1/2"" x 14"" Sheets",162.64,,
Polycom SoundPoint IP 450 VoIP phone,162.6192,,
Belkin F9G930V10-GRY 9 Outlet Surge,162.5792,,
ClearSounds CSC500 Amplified Spirit Phone Corded phone,162.3768,,
"Seth Thomas 14"" Day/Date Wall Clock",162.0512,,
Round Specialty Laser Printer Labels,162.0129,,
Logitech ClearChat Comfort/USB Headset H390,160.2163,,
Xerox 19,159.547,,
Wilson Jones Heavy-Duty Casebound Ring Binders with Metal Hinges,157.9584,,
Grandstream GXP1160 VoIP phone,157.7056,,
Personal Creations Ink Jet Cards and Labels,157.5056,,
Maxell LTO Ultrium - 800 GB,156.4641,,
Xerox 226,155.7792,,
Prismacolor Color Pencil Set,155.5456,,
Office Star - Contemporary Task Swivel Chair,155.372,,
Panasonic KX TS208W Corded phone,154.8084,,
Xerox 1929,154.3984,,
Samsung Galaxy Note 3,153.993,,
Hunt Boston Vacuum Mount KS Pencil Sharpener,153.956,,
Fellowes Bankers Box Staxonsteel Drawer File/Stacking System,153.3528,,
I.R.I.S IRISCard Anywhere 5 Card Scanner,152.0883,,
Recycled Steel Personal File for Hanging File Folders,151.6595,,
SAFCO Folding Chair Trolley,151.3232,,
"White Business Envelopes with Contemporary Seam, Recycled White Business Envelopes",150.972,,
"Tenex Contemporary Contur Chairmats for Low and Medium Pile Carpet, Computer, 39"" x 49""",150.542,,
Enermax Briskie RF Wireless Keyboard and Mouse Combo,150.3748,,
"Boston School Pro Electric Pencil Sharpener, 1670",149.9432,,
Multimedia Mailers,149.8956,,
"Companion Letter/Legal File, Black",149.5296,,
"Logitech Wireless Boombox Speaker - portable - wireless, wired",148.96,,
"Tenex 46"" x 60"" Computer Anti-Static Chairmat, Rectangular Shaped",148.372,,
Howard Miller 12-3/4 Diameter Accuwave DS  Wall Clock,147.9372,,
O'Sullivan 3-Shelf Heavy-Duty Bookcases,147.0942,,
Vinyl Sectional Post Binders,147.03,,
"Eureka The Boss Plus 12-Amp Hard Box Upright Vacuum, Red",146.51,,
AT&T 1080 Corded phone,145.2094,,
Tensor Computer Mounted Lamp,144.7308,,
Nokia Lumia 1020,143.9968,,
Imation 32GB Pocket Pro USB 3.0 Flash Drive - 32 GB - Black - 1 P ...,143.76,,
Euro-Pro Shark Turbo Vacuum,143.7472,,
Motorola Moto X,142.7958,,
Xerox 1979,140.959,,
Sanford 52201 APSCO Electric Pencil Sharpener,140.9368,,
Hewlett-Packard Deskjet D4360 Printer,139.99,,
Hewlett-Packard Deskjet 6540 Color Inkjet Printer,139.621,,
Hon Valutask Swivel Chairs,139.3524,,
"White Envelopes, White Envelopes with Clear Poly Window",139.08,,
Xerox 1933,138.5184,,
Ibico Laser Imprintable Binding System Covers,138.336,,
"Deflect-o SuperTray Unbreakable Stackable Tray, Letter, Black",138.3132,,
Eldon Radial Chair Mat for Low to Medium Pile Carpets,135.932,,
"Bush Andora Bookcase, Maple/Graphite Gray Finish",135.5887,,
Newell 334,135.3088,,
Panasonic KX T7736-B Digital phone,134.955,,
AT&T 1070 Corded Phone,133.788,,
LG Electronics Tone+ HBS-730 Bluetooth Headset,133.3024,,
Logitech Wireless Headset H600 Over-The-Head Design,133.269,,
Avery 475,133.2,,
"Seth Thomas 12"" Clock w/ Goldtone Case",132.8244,,
Xblue XB-1670-86 X16 Small Office Telephone - Titanium,132.2895,,
Sony 64GB Class 10 Micro SDHC R40 Memory Card,132.0833,,
AT&T CL82213,131.3247,,
RCA Visys Integrated PBX 8-Line Router,130.6305,,
Tripp Lite TLP810NET Broadband Surge for Modem/Fax,130.4832,,
Cisco Desktop Collaboration Experience DX650 IP Video Phone,130.2075,,
Memorex Micro Travel Drive 32 GB,129.9756,,
"Acme 10"" Easy Grip Assistive Scissors",129.722,,
Jabra BIZ 2300 Duo QD Duo Corded Headset,129.5298,,
"REDIFORM Incoming/Outgoing Call Register, 11"" X 8 1/2"", 100 Messages",127.602,,
Maxell DVD-RAM Discs,127.5552,,
Blue Parrot B250XT Professional Grade Wireless Bluetooth Headset with,127.483,,
Eldon ProFile File 'N Store Portable File Tub Letter/Legal Size Black,127.446,,
"Howard Miller 12"" Round Wall Clock",127.2996,,
KeyTronic 6101 Series - Keyboard - Black,127.069,,
Panasonic KP-150 Electric Pencil Sharpener,126.8064,,
"Avery Address/Shipping Labels for Typewriters, 4"" x 2""",126.684,,
DAX Wood Document Frame,126.316,,
Memorex Micro Travel Drive 16 GB,126.1611,,
HTC One,125.9874,,
"GBC Prepunched Paper, 19-Hole, for Binding Systems, 24-lb",125.7838,,
"Global Stack Chair with Arms, Black",125.0166,,
Tenex B1-RE Series Chair Mats for Low Pile Carpets,124.6058,,
"Decoflex Hanging Personal Folder File, Blue",124.131,,
Staples in misc. colors,124.0516,,
"Deflect-o EconoMat Nonstudded, No Bevel Mat",123.96,,
DAX Natural Wood-Tone Poster Frame,123.9264,,
"Recycled Desk Saver Line ""While You Were Out"" Book, 5 1/2"" X 4""",123.51,,
Newell 319,123.008,,
OtterBox Defender Series Case - Samsung Galaxy S4,122.959,,
Belkin F9H710-06 7 Outlet SurgeMaster Surge Protector,122.8368,,
Motorla HX550 Universal Bluetooth Headset,122.605,,
Panasonic KX - TS880B Telephone,122.4234,,
"Maxell Pro 80 Minute CD-R, 10/Pack",122.36,,
Xerox 1890,122.35,,
Staple-based wall hangings,121.9936,,
Kensington SlimBlade Notebook Wireless Mouse with Nano Receiver,120.9758,,
Flat Face Poster Frame,120.9528,,
Safco Steel Mobile File Cart,120.872,,
Xerox 1898,120.7744,,
"Epson WorkForce WF-2530 All-in-One Printer, Copier Scanner",120.3828,,
WD My Passport Ultra 500GB Portable External Hard Drive,120.36,,
"BOSTON Ranger #55 Pencil Sharpener, Black",120.3337,,
First Data TMFD35 PIN Pad,119.952,,
"Vinyl Coated Wire Paper Clips in Organizer Box, 800/Box",119.7364,,
Boston KS Multi-Size Manual Pencil Sharpener,119.548,,
Avery 473,119.232,,
"Sortfiler Multipurpose Personal File Organizer, Black",118.9284,,
"Tenex Personal Project File with Scoop Front Design, Black",118.624,,
Konica Minolta magicolor 1690MF Multifunction Printer,118.3704,,
"Boston Electric Pencil Sharpener, Model 1818, Charcoal Black",118.23,,
Staple holder,118.0017,,
Brown Kraft Recycled Envelopes,117.162,,
Bevis Steel Folding Chairs,117.059,,
Coloredge Poster Frame,116.298,,
Okidata B400 Printer,115.83,,
"Metal Folding Chairs, Beige, 4/Carton",115.7354,,
"iKross Bluetooth Portable Keyboard + Cell Phone Stand Holder + Brush for Apple iPhone 5S 5C 5, 4S 4",115.644,,
"#10- 4 1/8"" x 9 1/2"" Recycled Envelopes",115.2806,,
"Recycled Interoffice Envelopes with String and Button Closure, 10 x 13",115.152,,
"Peel & Seel Recycled Catalog Envelopes, Brown",113.484,,
"BOSTON Model 1800 Electric Pencil Sharpeners, Putty/Woodgrain",113.274,,
"Southworth 100% Résumé Paper, 24lb.",113.199,,
Memorex Micro Travel Drive 8 GB,113.1,,
"Personal Filing Tote with Lid, Black/Gray",112.9128,,
Trimflex Flexible Post Binders,112.8864,,
Plantronics 81402,112.183,,
"Adams Telephone Message Book w/Frequently-Called Numbers Space, 400 Messages per Book",111.72,,
Okidata C331dn Printer,111.68,,
Panasonic KP-380BK Classic Electric Pencil Sharpener,111.538,,
"Hunt BOSTON Model 1606 High-Volume Electric Pencil Sharpener, Beige",111.3024,,
"Acco Flexible ACCOHIDE Square Ring Data Binder, Dark Blue, 11 1/2"" X 14"" 7/8""",111.2868,,
Kensington 6 Outlet Guardian Standard Surge Protector,110.592,,
Belkin F5C206VTEL 6 Outlet Surge,110.304,,
"Boston Model 1800 Electric Pencil Sharpener, Gray",109.785,,
AT&T EL51110 DECT,109.6113,,
Peel-Off China Markers,109.4286,,
Memorex Mini Travel Drive 32 GB USB 2.0 Flash Drive,109.2,,
Boston 1799 Powerhouse Electric Pencil Sharpener,109.116,,
"Wirebound Message Books, Four 2 3/4"" x 5"" Forms per Page, 600 Sets per Book",109.0152,,
Embossed Ink Jet Note Cards,108.336,,
Advantus Panel Wall Certificate Holder - 8.5x11,108.092,,
Microsoft Natural Ergonomic Keyboard 4000,107.6641,,
"Howard Miller 16"" Diameter Gallery Wall Clock",107.4192,,
GBC Recycled Grain Textured Covers,107.074,,
"Performers Binder/Pad Holder, Black",106.514,,
"Safco Value Mate Steel Bookcase, Baked Enamel Finish on Steel, Black",106.47,,
Poly Designer Cover & Back,106.344,,
Strathmore Photo Mount Cards,106.3104,,
Kensington K72356US Mouse-in-a-Box USB Desktop Mouse,106.176,,
Luxo Professional Magnifying Clamp-On Fluorescent Lamps,106.0902,,
"Acco Smartsocket Table Surge Protector, 6 Color-Coded Adapter Outlets",105.485,,
Ibico Standard Transparent Covers,104.8128,,
"Adams Phone Message Book, 200 Message Capacity, 8 1/16” x 11”",104.4384,,
"Acme Hot Forged Carbon Steel Scissors with Nickel-Plated Handles, 3 7/8"" Cut, 8""L",103.416,,
OtterBox Commuter Series Case - iPhone 5 & 5s,102.9132,,
Advantus Plastic Paper Clips,102.8,,
Avery 50,102.746,,
SanDisk Cruzer 32 GB USB Flash Drive,102.708,,
GBC Poly Designer Binding Covers,102.4488,,
Cisco Unified IP Phone 7945G VoIP phone,102.297,,
"Howard Miller 11-1/2"" Diameter Grantwood Wall Clock",101.7868,,
Belkin F9M820V08 8 Outlet Surge,101.003,,
Bevis Round Conference Table Top & Single Column Base,100.9746,,
GBC Recycled VeloBinder Covers,100.8768,,
Fellowes Advanced Computer Series Surge Protectors,100.662,,
"Chromcraft Bull-Nose Wood Round Conference Table Top, Wood Base",100.211,,
Nortel Business Series Terminal T7208 Digital phone,100.0728,,
"DataProducts Ampli Magnifier Task Lamp, Black,",99.5808,,
Anker Ultra-Slim Mini Bluetooth 3.0 Wireless Keyboard,99.5502,,
Eldon Wave Desk Accessories,98.9996,,
Nu-Dell Executive Frame,98.9712,,
"Square Ring Data Binders, Rigid 75 Pt. Covers, 11"" x 14-7/8""",98.2464,,
Xerox 188,97.524,,
"DAX Contemporary Wood Frame with Silver Metal Mat, Desktop, 11 x 14 Size",97.152,,
Xerox 216,96.9408,,
Hon 4060 Series Tables,96.2856,,
"Wirebound Message Books, Four 2 3/4 x 5 White Forms per Page",95.2656,,
I Need's 3d Hello Kitty Hybrid Silicone Case Cover for HTC One X 4g with 3d Hello Kitty Stylus Pen Green/pink,95.2016,,
Panasonic Kx-TS550,95.1993,,
Luxo Economy Swing Arm Lamp,94.9144,,
"Seth Thomas 14"" Putty-Colored Wall Clock",94.7682,,
GE 2-Jack Phone Line Splitter,94.7554,,
Pizazz Global Quick File,94.6104,,
"Rediform S.O.S. 1-Up Phone Message Bk, 4-1/4x3-1/16 Bk, 1 Form/Pg, 40 Messages/Bk, 3/Pk",94.5504,,
"Executive Impressions 14"" Two-Color Numerals Wall Clock",94.5152,,
Newell 345,94.4384,,
Petty Cash Envelope,94.36,,
Advantus Motivational Note Cards,94.32,,
Xerox 1938,93.884,,
"Executive Impressions 14"" Contract Wall Clock",93.5883,,
Newell 34,93.248,,
"Multi-Use Personal File Cart and Caster Set, Three Stacking Bins",93.1568,,
Xerox 1912,92.5736,,
Boston 19500 Mighty Mite Electric Pencil Sharpener,92.4885,,
Model L Table or Wall-Mount Pencil Sharpener,92.1088,,
Computer Printout Paper with Letter-Trim Fine Perforations,91.968,,
Microsoft Arc Touch Mouse,91.124,,
12-1/2 Diameter Round Wall Clock,91.1088,,
"Verbatim 25 GB 6x Blu-ray Single Layer Recordable Disc, 25/Pack",91.0404,,
RCA ViSYS 25825 Wireless digital phone,90.993,,
3M Office Air Cleaner,90.93,,
"Premium Transparent Presentation Covers, No Pattern/Clear, 8 1/2"" x 11""",90.7452,,
Advantus Rolling Storage Box,90.7235,,
Mobile Personal File Cube,90.6354,,
Xerox 214,90.4608,,
Clear Mylar Reinforcing Strips,90.2727,,
Avery Legal 4-Ring Binder,90.214,,
Xerox 209,90.2016,,
DMI Eclipse Executive Suite Bookcases,90.1764,,
Logitech Wireless Anywhere Mouse MX for PC and Mac,89.985,,
Belkin 8 Outlet SurgeMaster II Gold Surge Protector,89.97,,
AT&T SB67148 SynJ,89.7464,,
Xerox 1982,89.5328,,
Xerox 1931,88.6464,,
"Executive Impressions 13"" Clairmont Wall Clock",88.458,,
Maxell 4.7GB DVD+RW 3/Pack,88.4115,,
Jensen SMPS-640 - speaker phone,88.2816,,
Deluxe Heavy-Duty Vinyl Round Ring Binder,88.242,,
Quality Park Security Envelopes,88.1929,,
"Executive Impressions 10"" Spectator Wall Clock",87.9648,,
"Wirebound Message Book, 4 per Page",87.6945,,
"Holmes Replacement Filter for HEPA Air Cleaner, Medium Room",87.6942,,
Cisco SPA112 2 Port Phone Adapter,87.3705,,
Avery Arch Ring Binders,87.15,,
Holmes 99% HEPA Air Purifier,86.8566,,
Fiskars Softgrip Scissors,86.0832,,
"SimpliFile Personal File, Black Granite, 15w x 6-15/16d x 11-1/4h",85.806,,
Xerox 225,85.7952,,
"Avery Trapezoid Ring Binder, 3"" Capacity, Black, 1040 sheets",85.2384,,
Plastic Binding Combs,84.9915,,
DAX Two-Tone Silver Metal Document Frame,84.8056,,
Micro Innovations USB RF Wireless Keyboard with Mouse,84.5,,
Samsung Galaxy S III - 16GB - pebble blue (T-Mobile),83.9976,,
Nokia Lumia 521 (T-Mobile),83.972,,
Cisco 8x8 Inc. 6753i IP Business Phone System,83.6938,,
Belkin 8-Outlet Premiere SurgeMaster II Surge Protectors,83.376,,
Laser & Ink Jet Business Envelopes,83.226,,
Xerox 1895,82.823,,
Xerox 1996,81.9072,,
"Dana Fluorescent Magnifying Lamp, White, 36""",81.568,,
"Acco Six-Outlet Power Strip, 4' Cord Length",81.5452,,
Nu-Dell Leatherette Frames,81.4512,,
Avery 490,81.4,,
"Inter-Office Recycled Envelopes, Brown Kraft, Button-String,10"" x 13"" , 100/Box",81.326,,
"Padded Folding Chairs, Black, 4/Carton",80.98,,
Southworth 25% Cotton Antique Laid Paper & Envelopes,80.898,,
APC 7 Outlet Network SurgeArrest Surge Protector,80.48,,
Standard Line “While You Were Out” Hardbound Telephone Message Book,80.4468,,
Avaya 4621SW VoIP phone,79.866,,
Xerox 1892,79.458,,
"Belkin SportFit Armband For iPhone 5s/5c, Fuchsia",79.2971,,
Xerox 1894,78.7968,,
Logitech G105 Gaming Keyboard,78.3684,,
Electrix 20W Halogen Replacement Bulb for Zoom-In Desk Lamp,78.256,,
Fellowes Stor/Drawer Steel Plus Storage Drawers,78.2526,,
Sterilite Officeware Hinged File Box,78.076,,
SANFORD Major Accent Highlighters,77.88,,
Xerox 1997,77.76,,
"Speediset Carbonless Redi-Letter 7"" x 8 1/2""",77.6343,,
Eldon Simplefile Box Office,77.128,,
"Global Deluxe Stacking Chair, Gray",76.9798,,
"XtraLife ClearVue Slant-D Ring Binder, White, 3""",76.9232,,
"BlueLounge Milo Smartphone Stand, White/Metallic",76.7744,,
Xerox 202,76.7232,,
Deluxe Chalkboard Eraser Cleaner,76.461,,
Panasonic KX T7731-B Digital phone,75.9924,,
Xerox 1918,75.9696,,
Xerox 1968,75.3504,,
3M Polarizing Light Filter Sleeves,75.346,,
Panasonic KX-TG6844B Expandable Digital Cordless Telephone,75.2286,,
Avery 486,75.1468,,
Tripp Lite Isotel 6 Outlet Surge Protector with Fax/Modem Protection,74.9931,,
Ultra Door Pull Handle,74.7972,,
Avery 503,74.52,,
Xerox 1978,74.3308,,
"DAX Two-Tone Rosewood/Black Document Frame, Desktop, 5 x 7",73.944,,
Security-Tint Envelopes,73.8788,,
"Acco PRESSTEX Data Binder with Storage Hooks, Dark Blue, 14 7/8"" X 11""",73.8674,,
"Bush Westfield Collection Bookcases, Fully Assembled",73.7154,,
Avery 489,73.278,,
"Hon Deluxe Fabric Upholstered Stacking Chairs, Squared Back",73.194,,
Electrix Fluorescent Magnifier Lamps & Weighted Base,73.0232,,
White GlueTop Scratch Pads,72.7936,,
"Adams Telephone Message Book W/Dividers/Space For Phone Numbers, 5 1/4""X8 1/2"", 200/Messages",72.704,,
"Maxell 74 Minute CDR, 10/Pack",72.5676,,
"Executive Impressions 13"" Chairman Wall Clock",72.333,,
Acme Box Cutter Scissors,72.2238,,
"Deflect-o DuraMat Lighweight, Studded, Beveled Mat for Low Pile Carpeting",72.0785,,
Newell 324,72.072,,
Fellowes Binding Cases,71.955,,
Weyerhaeuser First Choice Laser/Copy Paper (20Lb. and 88 Bright),71.28,,
"Seth Thomas 13 1/2"" Wall Clock",71.12,,
Xerox 195,70.5408,,
Boston Home & Office Model 2000 Electric Pencil Sharpeners,70.477,,
Xerox 1973,70.3472,,
Logitech Illuminated Ultrathin Keyboard with Backlighting,70.0977,,
Boston 16801 Nautilus Battery Pencil Sharpener,69.9918,,
GE DSL Phone Line Filter,69.9825,,
Xerox 205,69.4656,,
"Career Cubicle Clock, 8 1/4"", Black",68.952,,
Xerox 1905,68.9472,,
Avery 499,68.724,,
Clarity 53712,68.6296,,
Hand-Finished Solid Wood Document Frame,68.46,,
Xerox 1993,68.4288,,
Xerox 192,68.4288,,
"Avery Hi-Liter EverBold Pen Style Fluorescent Highlighters, 4/Pack",68.376,,
Panasonic KP-4ABK Battery-Operated Pencil Sharpener,67.9296,,
Acme Forged Steel Scissors with Black Enamel Handles,67.7768,,
Holmes Odor Grabber,67.774,,
X-Rack File for Hanging Folders,67.74,,
Fellowes Super Stor/Drawer,67.71,,
Xerox 1948,67.4325,,
Xerox 217,67.392,,
Fellowes Mighty 8 Compact Surge Protector,67.2964,,
Canon PC170 Desktop Personal Copier,67.179,,
"Verbatim 25 GB 6x Blu-ray Single Layer Recordable Disc, 3/Pack",67.104,,
Southworth 25% Cotton Linen-Finish Paper & Envelopes,67.044,,
Micropad Numeric Keypads,66.9665,,
DXL Angle-View Binders with Locking Rings by Samsill,66.6915,,
Belkin F8E887 USB Wired Ergonomic Keyboard,66.2779,,
Xerox 1903,65.5408,,
Magnifier Swing Arm Lamp,65.4576,,
Southworth 100% Cotton The Best Paper,65.436,,
"Black Print Carbonless Snap-Off Rapid Letter, 8 1/2"" x 7""",65.1365,,
Astroparche Fine Business Paper,65.0496,,
"#10- 4 1/8"" x 9 1/2"" Security-Tint Envelopes",64.8636,,
"Logitech B530 USB Headset - headset - Full size, Binaural",64.7325,,
Kingston Digital DataTraveler 16GB USB 2.0,64.7085,,
Texas Instruments TI-34 Scientific Calculator,64.6506,,
Great White Multi-Use Recycled Paper (20Lb. and 84 Bright),64.584,,
Self-Adhesive Address Labels for Typewriters by Universal,64.4011,,
"Acco Data Flex Cable Posts For Top & Bottom Load Binders, 6"" Capacity",64.1445,,
"Global Leather Task Chair, Black",63.8929,,
Xerox 23,63.7632,,
Eldon Fold 'N Roll Cart System,63.7488,,
"#10-4 1/8"" x 9 1/2"" Premium Diagonal Seam Envelopes",63.747,,
Stanley Contemporary Battery Pencil Sharpeners,63.012,,
Xerox 203,62.9856,,
Logitech LS21 Speaker System - PC Multimedia - 2.1-CH - Wired,62.7686,,
"Tenex File Box, Personal Filing Tote with Lid, Black",62.6604,,
"Conquest 14 Commercial Heavy-Duty Upright Vacuum, Collection System, Accessory Kit",61.5168,,
Xerox 1977,61.456,,
DAX Black Cherry Wood-Tone Poster Frame,61.4336,,
Artistic Insta-Plaque,61.152,,
"Adams Telephone Message Book W/Dividers/Space For Phone Numbers, 5 1/4""X8 1/2"", 300/Messages",60.9168,,
Xerox 220,60.912,,
Xerox 1959,60.6544,,
Xerox 222,60.6528,,
Xerox 1936,60.5394,,
Eldon 500 Class Desk Accessories,60.4707,,
Acco 6 Outlet Guardian Premium Surge Suppressor,60.424,,
"Wirebound Service Call Books, 5 1/2"" x 4""",60.4032,,
Hewlett-Packard 300S Scientific Calculator,60.306,,
OIC Binder Clips,60.144,,
Polycom CX300 Desktop Phone USB VoIP phone,59.996,,
GBC Plastic Binding Combs,59.778,,
Bulldog Vacuum Base Pencil Sharpener,59.5903,,
"It's Hot Message Books with Stickers, 2 3/4"" x 5""",59.57,,
Letter Size File,59.55,,
Desktop 3-Pocket Hot File,59.51,,
Xerox 1955,59.384,,
Xerox 1930,59.3568,,
Panasonic KP-310 Heavy-Duty Electric Pencil Sharpener,59.346,,
"OIC Colored Binder Clips, Assorted Sizes",59.2848,,
"Seth Thomas 8 1/2"" Cubicle Clock",59.2176,,
Things To Do Today Pad,59.1696,,
Canvas Sectional Post Binders,59.0672,,
Recycled Eldon Regeneration Jumbo File,58.944,,
GBC Binding covers,58.9225,,
Dixon Ticonderoga Core-Lock Colored Pencils,58.6684,,
Wilson Jones Turn Tabs Binder Tool for Ring Binders,58.5148,,
Cisco Small Business SPA 502G VoIP phone,58.4649,,
KeyTronic E03601U1 - Keyboard - Beige,58.32,,
Fellowes Basic Home/Office Series Surge Protectors,58.2802,,
"Eldon 200 Class Desk Accessories, Smoke",58.0272,,
"Neat Ideas Personal Hanging Folder Files, Black",58.0176,,
HP Standard 104 key PS/2 Keyboard,58,,
Xerox 1907,57.716,,
Ibico Covers for Plastic or Wire Binding Elements,57.5,,
Sony Micro Vault Click 8 GB USB 2.0 Flash Drive,57.3278,,
Fellowes Superior 10 Outlet Split Surge Protector,57.09,,
Xerox 212,57.024,,
Xerox 232,56.5056,,
Eldon Advantage Chair Mats for Low to Medium Pile Carpets,56.303,,
Xerox 230,56.2464,,
"Tennsco Lockers, Sand",56.2264,,
Aluminum Document Frame,56.212,,
"Ampad Phone Message Book, Recycled, 400 Message Capacity, 5 ¾” x 11”",56.16,,
"C-Line Magnetic Cubicle Keepers, Clear Polypropylene",56.1184,,
Nu-Dell Float Frame 11 x 14 1/2,56.0352,,
NeatDesk Desktop Scanner & Digital Filing System,55.9986,,
Universal Premium White Copier/Laser Paper (20Lb. and 87 Bright),55.9728,,
"Eldon Image Series Desk Accessories, Ebony",55.822,,
Acco 3-Hole Punch,55.5384,,
Belkin Premiere Surge Master II 8-outlet surge protector,55.3812,,
"Eureka Hand Vacuum, Bagless",55.3616,,
Lumber Crayons,55.357,,
Riverleaf Stik-Withit Designer Note Cubes,55.33,,
Portable Personal File Box,55.3113,,
Wilson Jones Century Plastic Molded Ring Binders,55.2482,,
"Wilson Jones Hanging View Binder, White, 1""",55.238,,
"DAX Executive Solid Wood Document Frame, Desktop or Hang, Mahogany, 5 x 7",55.1004,,
"Permanent Self-Adhesive File Folder Labels for Typewriters, 1 1/8 x 3 1/2, White",55.062,,
"Square Credit Card Reader, 4 1/2"" x 4 1/2"" x 1"", White",54.8451,,
"SAFCO PlanMaster Boards, 60w x 37-1/2d, White Melamine",54.7164,,
Avery 476,54.5986,,
"Leather Task Chair, Black",54.588,,
Xerox 1947,54.119,,
"Message Book, Wirebound, Four 5 1/2"" X 4"" Forms/Pg., 200 Dupl. Sets/Book",54.0728,,
4009 Highlighters by Sanford,53.8096,,
Strathmore Photo Frame Cards,53.8016,,
Logitech Wireless Touch Keyboard K400,53.7285,,
Black & Decker Filter for Double Action Dustbuster Cordless Vac BLDV7210,53.696,,
BIC Liqua Brite Liner,53.5768,,
Adjustable Personal File Tote,53.3984,,
Memorex Mini Travel Drive 8 GB USB 2.0 Flash Drive,53.268,,
Xerox 2,53.136,,
Eureka Sanitaire  Commercial Upright,53.0272,,
Self-Adhesive Removable Labels,52.92,,
Xerox 204,52.8768,,
"Eldon Stackable Tray, Side-Load, Legal, Smoke",52.8292,,
Sony 32GB Class 10 Micro SDHC R40 Memory Card,52.794,,
Cherry 142-key Programmable Keyboard,52.7692,,
"Fellowes Personal Hanging Folder Files, Navy",52.6456,,
"DAX Value U-Channel Document Frames, Easel Back",52.4832,,
"DAX Cubicle Frames, 8-1/2 x 11",52.4484,,
"GBC Pre-Punched Binding Paper, Plastic, White, 8-1/2"" x 11""",52.4472,,
Logitech M510 Wireless Mouse,52.3869,,
"Manila Recycled Extra-Heavyweight Clasp Envelopes, 6"" x 9""",52.3746,,
PowerGen Dual USB Car Charger,52.3476,,
Xerox 4200 Series MultiUse Premium Copy Paper (20Lb. and 84 Bright),52.272,,
#10 Self-Seal White Envelopes,52.123,,
"Letter/Legal File Tote with Clear Snap-On Lid, Black Granite",52.0344,,
"Message Book, Phone, Wirebound Standard Line Memo, 2 3/4"" X 5""",52.007,,
Avery 519,51.6086,,
Avery 516,51.5355,,
File Shuttle I and Handi-File,51.4206,,
"Tenex V2T-RE Standard Weight Series Chair Mat, 45"" x 53"", Lip 25"" x 12""",51.1056,,
"Stur-D-Stor Shelving, Vertical 5-Shelf: 72""H x 36""W x 18 1/2""D",51.0508,,
Hanging Personal Folder File,51.025,,
Xerox 213,50.8032,,
"ACCOHIDE 3-Ring Binder, Blue, 1""",50.7164,,
"Fellowes Smart Surge Ten-Outlet Protector, Platinum",50.5848,,
Storex Dura Pro Binders,50.5494,,
AT&T CL2909,50.396,,
Logitech Media Keyboard K200,50.3856,,
Apple EarPods with Remote and Mic,50.382,,
Fellowes Desktop Hanging File Manager,50.3625,,
HP Office Recycled Paper (20Lb. and 87 Bright),50.3438,,
"Wilson Jones Clip & Carry Folder Binder Tool for Ring Binders, Clear",50.228,,
JM Magazine Binder,50.1904,,
"Eldon Executive Woodline II Desk Accessories, Mahogany",50.0087,,
Acme Galleria Hot Forged Steel Scissors with Colored Handles,49.8641,,
"Sanford Prismacolor Professional Thick Lead Art Pencils, 36-Color Set",49.7952,,
Berol Giant Pencil Sharpener,49.7807,,
Hewlett-Packard Deskjet 5550 Printer,49.761,,
GBC Premium Transparent Covers with Diagonal Lined Pattern,49.5128,,
"Array Parchment Paper, Assorted Colors",49.504,,
"Master Caster Door Stop, Brown",49.3776,,
Avery 518,49.14,,
Global Highback Leather Tilter in Burgundy,49.1346,,
Xerox 1928,49.104,,
"Wirebound Message Books, Two 4 1/4"" x 5"" Forms per Page",49.0845,,
Fellowes Recycled Storage Drawers,48.8532,,
Avery File Folder Labels,48.8448,,
"DAX Charcoal/Nickel-Tone Document Frame, 5 x 7",48.822,,
"Holmes Cool Mist Humidifier for the Whole House with 8-Gallon Output per Day, Extended Life Filter",48.755,,
Sanford Liquid Accent Highlighters,48.6304,,
"Bush Cubix Collection Bookcases, Fully Assembled",48.6156,,
"Ink Jet Note and Greeting Cards, 8-1/2"" x 5-1/2"" Card Size",48.5568,,
Wilson Jones Legal Size Ring Binders,48.378,,
"HP Officejet Pro 8600 e-All-In-One Printer, Copier, Scanner, Fax",47.9968,,
"Holmes Replacement Filter for HEPA Air Cleaner, Large Room",47.9844,,
Xerox 1971,47.936,,
Iris Project Case,47.88,,
C-Line Cubicle Keepers Polyproplyene Holder With Velcro Backings,47.7257,,
Xerox 1995,47.6928,,
"Wirebound Four 2-3/4 x 5 Forms per Page, 400 Sets per Book",47.601,,
"Eldon 400 Class Desk Accessories, Black Carbon",47.6,,
Office Star - Task Chair with Contemporary Loop Arms,47.3096,,
Logitech K350 2.4Ghz Wireless Keyboard,47.2815,,
"Wirebound Message Books, Four 2 3/4 x 5 Forms per Page, 200 Sets per Book",47.223,,
"Ampad Gold Fibre Wirebound Steno Books, 6"" x 9"", Gregg Ruled",47.187,,
Xerox Blank Computer Paper,46.953,,
Xerox 228,46.656,,
Xerox 219,46.656,,
"Eldon Expressions Wood and Plastic Desk Accessories, Cherry Wood",46.5566,,
Xerox 227,46.3968,,
Eldon Antistatic Chair Mats for Low to Medium Pile Carpets,46.3276,,
Xerox 201,46.1376,,
"Eureka Recycled Copy Paper 8 1/2"" x 11"", Ream",46.1376,,
Cardinal Slant-D Ring Binders,46.057,,
Griffin GC17055 Auxiliary Audio Cable,46.0544,,
Grandstream GXP2100 Mainstream Business Phone,45.894,,
Spigen Samsung Galaxy S5 Case Wallet,45.873,,
"Fiskars 8"" Scissors, 2/Pack",45.8584,,
Xerox 1987,45.3152,,
"Wirebound Message Books, 2 7/8"" x 5"", 3 Forms per Page",44.9856,,
Wasp CCD Handheld Bar Code Reader,44.868,,
Xerox 1952,44.82,,
"Tenex Personal Self-Stacking Standard File Box, Black/Gray",44.8115,,
Staple magnet,44.8092,,
Longer-Life Soft White Bulbs,44.7216,,
"Eldon 200 Class Desk Accessories, Burgundy",44.588,,
Boston 1730 StandUp Electric Pencil Sharpener,44.4704,,
Panasonic KX TS3282B Corded phone,44.2746,,
Project Tote Personal File,44.1945,,
Westinghouse Clip-On Gooseneck Lamps,44.1936,,
"Global Stack Chair without Arms, Black",44.166,,
Xerox 1900,44.084,,
"Rediform Wirebound ""Phone Memo"" Message Book, 11 x 5-3/4",43.7772,,
"BIC Brite Liner Grip Highlighters, Assorted, 5/Pack",43.7144,,
Fellowes 8 Outlet Superior Workstation Surge Protector w/o Phone/Fax/Modem Protection,43.706,,
Xerox 1962,43.656,,
Avery Non-Stick Binders,43.553,,
Xerox 21,43.5456,,
Xerox 1970,43.5252,,
Avery Metallic Poly Binders,43.4334,,
Xerox 1949,43.4256,,
Avery 478,43.3062,,
"Advantus Push Pins, Aluminum Head",43.2264,,
"Canon Color ImageCLASS MF8580Cdw Wireless Laser All-In-One Printer, Copier, Scanner",43.1991,,
Logitech G13 Programmable Gameboard with LCD Display,43.1946,,
"Adams Phone Message Book, Professional, 400 Message Capacity, 5 3/6” x 11”",43.1364,,
Avery 481,43.12,,
Cisco SPA525G2 IP Phone - Wireless,43.092,,
"Dixon Prang Watercolor Pencils, 10-Color Set with Brush",42.8982,,
Stanley Bostitch Contemporary Electric Pencil Sharpeners,42.7896,,
"Master Big Foot Doorstop, Beige",42.768,,
Avery 495,42.588,,
Logitech Desktop MK120 Mouse and keyboard Combo,42.536,,
Avery 480,42.45,,
Memorex Froggy Flash Drive 4 GB,42.4214,,
Avery Printable Repositionable Plastic Tabs,42.312,,
"Master Caster Door Stop, Large Neon Orange",42.2968,,
"GE 4 Foot Flourescent Tube, 40 Watt",42.2436,,
"DXL Angle-View Binders with Locking Rings, Black",42.0498,,
"Verbatim 25 GB 6x Blu-ray Single Layer Recordable Disc, 10/Pack",41.9558,,
"Eldon Expressions Wood and Plastic Desk Accessories, Oak",41.916,,
"Linden 10"" Round Wall Clock, Black",41.8672,,
"LF Elite 3D Dazzle Designer Hard Case Cover, Lf Stylus Pen and Wiper For Apple Iphone 5c Mini Lite",41.856,,
Avery White Multi-Purpose Labels,41.832,,
Fellowes Advanced 8 Outlet Surge Suppressor with Phone/Fax Protection,41.64,,
GBC Wire Binding Combs,41.5668,,
Maxell 4.7GB DVD-RW 3/Pack,41.418,,
Holmes HEPA Air Purifier,41.382,,
Avery 51,41.328,,
Xerox 1999,41.2128,,
Aluminum Screw Posts,41.202,,
Global Commerce Series Low-Back Swivel/Tilt Chairs,41.1168,,
Xerox 211,40.9536,,
Xerox 1956,40.9032,,
"Telephone Message Books with Fax/Mobile Section, 5 1/2"" x 3 3/16""",40.767,,
Xerox 1992,40.365,,
Xerox 1920,40.365,,
Xerox 1986,40.3472,,
Classic Ivory Antique Telephone ZL1810,40.196,,
GBC Imprintable Covers,39.9672,,
Recycled Premium Regency Composition Covers,39.8808,,
Avery 508,39.8201,,
Eldon Econocleat Chair Mats for Low Pile Carpets,39.8112,,
"DAX Copper Panel Document Frame, 5 x 7 Size",39.7528,,
Xerox 1957,39.7224,,
Avery 48,39.69,,
"TOPS Money Receipt Book, Consecutively Numbered in Red,",39.6495,,
Super Decoflex Portable Personal File,39.5472,,
"Redi-Strip #10 Envelopes, 4 1/8 x 9 1/2",39.53,,
Xerox 196,39.4196,,
Lock-Up Easel 'Spel-Binder',39.3714,,
Xerox 1923,39.2784,,
Eldon 200 Class Desk Accessories,39.1872,,
Xerox 1967,38.88,,
Prang Colored Pencils,38.808,,
Cardinal Holdit Data Disk Pockets,38.7296,,
"Westinghouse Floor Lamp with Metal Mesh Shade, Black",38.6239,,
Xerox 224,38.6208,,
"RSVP Cards & Envelopes, Blank White, 8-1/2"" X 11"", 24 Cards/25 Envelopes/Set",38.2524,,
HP Office Paper (20Lb. and 87 Bright),38.2096,,
Tensor Track Tree Floor Lamp,38.1809,,
Xerox 193,38.0926,,
SanDisk Ultra 32 GB MicroSDHC Class 10 Memory Card,38.012,,
SanDisk Ultra 64 GB MicroSDHC Class 10 Memory Card,37.9905,,
Avery Personal Creations Heavyweight Cards,37.8512,,
"Avery Flip-Chart Easel Binder, Black",37.8222,,
"Avery Durable Plastic 1"" Binders",37.5004,,
Harmony HEPA Quiet Air Purifiers,37.44,,
Memorex Micro Travel Drive 4 GB,37.418,,
Ultra Door Push Plate,37.4142,,
Personal File Boxes with Fold-Down Carry Handle,37.392,,
"Elite 5"" Scissors",37.18,,
"TOPS 4 x 6 Fluorescent Color Memo Sheets, 500 Sheets per Pack",37.1059,,
Xerox 2000,37.0656,,
Wilson Jones Active Use Binders,37.0552,,
Deflect-O Glasstique Clear Desk Accessories,37.037,,
Acme Tagit Stainless Steel Antibacterial Scissors,37.026,,
Ricoh - Ink Collector Unit for GX3000 Series Printers,36.916,,
KLD Oscar II Style Snap-on Ultra Thin Side Flip Synthetic Leather Cover Case for HTC One HTC M7,36.6444,,
Newell Chalk Holder,36.5918,,
Fashion Color Clasp Envelopes,36.5175,,
RCA ViSYS 25425RE1 Corded phone,36.4473,,
Southworth Structures Collection,36.4,,
"Memo Book, 100 Message Capacity, 5 3/8” x 11”",36.396,,
3M Hangers With Command Adhesive,36.001,,
Avery 487,35.9775,,
"Personal Folder Holder, Ebony",35.872,,
OIC Bulk Pack Metal Binder Clips,35.598,,
Nu-Dell Oak Frame,35.4576,,
Avery 512,35.3736,,
"Angle-D Binders with Locking Rings, Label Holders",35.332,,
Hoover Commercial SteamVac,35.308,,
Wilson Jones 14 Line Acrylic Coated Pressboard Data Binders,35.2974,,
Xerox 210,35.2512,,
Xerox 1946,35.2512,,
Sony Micro Vault Click 4 GB USB 2.0 Flash Drive,35.1288,,
Lexmark S315 Color Inkjet Printer,34.9965,,
Xerox 229,34.992,,
"Acco Pressboard Covers with Storage Hooks, 9 1/2"" x 11"", Executive Red",34.8996,,
Newell 309,34.65,,
Avery 513,34.4616,,
Newell 312,34.456,,
Avery 474,34.272,,
"Quartet Omega Colored Chalk, 12/Pack",34.164,,
Avery Hi-Liter Smear-Safe Highlighters,34.1056,,
Safco Drafting Table,34.0704,,
WD My Passport Ultra 1TB Portable External Hard Drive,33.81,,
Newell 315,33.787,,
Xerox 200,33.696,,
Xerox 198,33.4656,,
DAX Solid Wood Frames,33.3157,,
Xerox 221,33.1776,,
Acme Softgrip Scissors,33.1298,,
Anker Ultrathin Bluetooth Wireless Keyboard Aluminum Cover with Stand,32.989,,
50 Colored Long Pencils,32.9184,,
"Adams Telephone Message Books, 5 1/4” x 11”",32.918,,
Xerox 1902,32.8896,,
Crayola Colored Pencils,32.8,,
Xerox 1966,32.7888,,
Acrylic Self-Standing Desk Frames,32.7342,,
Xerox 1994,32.6592,,
Avery 483,32.5692,,
AmazonBasics 3-Button USB Wired Mouse,32.2938,,
Smead Alpha-Z Color-Coded Name Labels First Letter Starter Set,32.25,,
Xerox 1954,32.208,,
Xerox 231,31.8816,,
"TOPS ""Important Message"" Pads, Canary, 4-1/4 x 5-1/2, 50 Sheets per Pad",31.6292,,
"Master Giant Foot Doorstop, Safety Yellow",31.5744,,
Avery 49,31.5648,,
Avery 52,31.4757,,
"Snap-A-Way Black Print Carbonless Speed Message, No Reply Area, Duplicate",31.4712,,
Pastel Pink Envelopes,31.4496,,
"GBC White Gloss Covers, Plain Front",31.4216,,
"Adams ""While You Were Out"" Message Pads",31.4,,
Crate-A-Files,31.392,,
Xerox 22,31.3632,,
"Wirebound Message Books, 5-1/2 x 4 Forms, 2 or 4 Forms per Page",31.3092,,
VariCap6 Expandable Binder,31.14,,
BIC Brite Liner Highlighters,30.8844,,
Avery Non-Stick Heavy Duty View Round Locking Ring Binders,30.8568,,
Wilson Jones “Snap” Scratch Pad Binder Tool for Ring Binders,30.74,,
Southworth Parchment Paper & Envelopes,30.738,,
"BIC Brite Liner Highlighters, Chisel Tip",30.5856,,
"Linden 12"" Wall Clock With Oak Frame",30.582,,
Xerox 1975,30.3264,,
Newell 347,30.3024,,
Poly String Tie Envelopes,30.294,,
"Acco Clips to Go Binder Clips, 24 Clips in Two Sizes",30.2815,,
Xerox 1981,30.096,,
Acco Perma 4000 Stacking Storage Drawers,30.044,,
Dell Slim USB Multimedia Keyboard,30,,
Avoid Verbal Orders Carbonless Minifold Book,29.9468,,
Things To Do Today Spiral Book,29.8584,,
Newell 325,29.736,,
Avery Heavy-Duty EZD View Binder with Locking Rings,29.7308,,
"Geographics Note Cards, Blank, White, 8 1/2"" x 11""",29.5416,,
QVS USB Car Charger 2-Port 2.1Amp for iPod/iPhone/iPad/iPad 2/iPad 3,29.5375,,
"Contract Clock, 14"", Brown",29.4532,,
Avery 515,29.4455,,
Avery Premier Heavy-Duty Binder with Round Locking Rings,29.4168,,
"Perixx PERIBOARD-512B, Ergonomic Split Keyboard",29.3916,,
Tops Wirebound Message Log Books,29.281,,
Park Ridge Embossed Executive Business Envelopes,29.2716,,
Avery Heavy-Duty EZD  Binder With Locking Rings,29.2392,,
Sabrent 4-Port USB 2.0 Hub,29.197,,
Belkin 6 Outlet Metallic Surge Strip,28.7496,,
Xerox 1932,28.7064,,
"Eldon 200 Class Desk Accessories, Black",28.6368,,
"Post-it “Important Message” Note Pad, Neon Colors, 50 Sheets/Pad",28.5376,,
"Eberhard Faber 3 1/2"" Golf Pencils",28.272,,
"Seth Thomas 16"" Steel Case Clock",28.2576,,
"Eldon Image Series Desk Accessories, Burgundy",28.2568,,
Avery 506,28.1666,,
Xerox 1899,28.0908,,
Magna Visual Magnetic Picture Hangers,28.0524,,
Xerox 223,27.9936,,
Manco Dry-Lighter Erasable Highlighter,27.968,,
Xerox 1963,27.72,,
DAX Clear Channel Poster Frame,27.702,,
"Ultra Door Kickplate, 8""H x 34""W",27.692,,
Avery 500,27.4856,,
Fiskars Home & Office Scissors,27.3504,,
Seidio BD2-HK3IPH5-BK DILEX Case and Holster Combo for Apple iPhone 5/5s - Black,27.2888,,
O'Sullivan Cherrywood Estates Traditional Bookcase,27.1936,,
Xerox 1897,27.0912,,
Prang Drawing Pencil Set,27.0772,,
Wilson Jones Standard D-Ring Binders,26.9192,,
Xerox 1974,26.91,,
"Binney & Smith Crayola Metallic Colored Pencils, 8-Color Set",26.854,,
Newell 341,26.8356,,
DIXON Ticonderoga Erasable Checking Pencils,26.784,,
OIC Stacking Trays,26.72,,
Peel & Seel Envelopes,26.5392,,
Cardinal EasyOpen D-Ring Binders,26.506,,
Acme Preferred Stainless Steel Scissors,26.3552,,
Panasonic KP-350BK Electric Pencil Sharpener with Auto Stop,26.2808,,
Acme Office Executive Series Stainless Steel Trimmers,26.2242,,
"6"" Cubicle Wall Clock, Black",26.2116,,
"DAX Metal Frame, Desktop, Stepped-Edge",26.1096,,
Global Enterprise Series Seating Low-Back Swivel/Tilt Chairs,25.898,,
Array Memo Cubes,25.8482,,
Ampad #10 Peel & Seel Holiday Envelopes,25.8048,,
G.E. Longer-Life Indoor Recessed Floodlight Bulbs,25.7632,,
Spiral Phone Message Books with Labels by Adams,25.76,,
Xerox 1965,25.714,,
Acco Hot Clips Clips to Go,25.4975,,
Wilson Jones Leather-Like Binders with DublLock Round Rings,25.4916,,
Advantus Panel Wall Acrylic Frame,25.162,,
#6 3/4 Gummed Flap White Envelopes,24.948,,
Ideal Clamps,24.8637,,
"Memorex 25GB 6X Branded Blu-Ray Recordable Disc, 15/Pack",24.8054,,
Xerox 1924,24.7384,,
KeyTronic KT400U2 - Keyboard - Black,24.672,,
"Crayola Anti Dust Chalk, 12/Pack",24.661,,
Avery 511,24.64,,
Presstex Flexible Ring Binders,24.57,,
"Vtech AT&T CL2940 Corded Speakerphone, Black",24.2919,,
"Sauder Camden County Barrister Bookcase, Planked Cherry Finish",24.196,,
Bush Mission Pointe Library,24.1568,,
Space Solutions HD Industrial Steel Shelving.,24.1437,,
"Message Book, Standard Line ""While You Were Out"", 5 1/2"" X 4"", 200 Sets/Book",24.1392,,
Convenience Packs of Business Envelopes,24.1092,,
Xerox 208,24.1056,,
Staple remover,24.0678,,
Acme Design Stainless Steel Bent Scissors,24.0084,,
Avery 494,23.9598,,
Tuff Stuff Recycled Round Ring Binders,23.9554,,
Xerox 206,23.8464,,
Wilson Jones Impact Binders,23.7244,,
Newell 31,23.6236,,
"C-Line Cubicle Keepers Polyproplyene Holder w/Velcro Back, 8-1/2x11, 25/Bx",23.5382,,
Avery 493,23.4207,,
Eldon Expressions Mahogany Wood Desk Collection,23.4,,
Avery 501,23.3946,,
"Executive Impressions 12"" Wall Clock",23.3244,,
Newell 35,23.288,,
"Tenex Personal Filing Tote With Secure Closure Lid, Black/Frost",23.265,,
Imation 8gb Micro Traveldrive Usb 2.0 Flash Drive,23.25,,
Anker 36W 4-Port USB Wall Charger Travel Power Adapter for iPhone 5s 5c 5,23.1884,,
Avery 488,23.184,,
Xerox 1950,23.1778,,
"Recycled Interoffice Envelopes with Re-Use-A-Seal Closure, 10 x 13",23.0445,,
Acco 6 Outlet Guardian Standard Surge Suppressor,22.971,,
Avery 496,22.95,,
Pressboard Data Binders by Wilson Jones,22.9086,,
Cardinal Holdit Business Card Pockets,22.908,,
G.E. Halogen Desk Lamp Bulbs,22.8944,,
Avery 514,22.8384,,
Wausau Papers Astrobrights Colored Envelopes,22.7838,,
"1/4 Fold Party Design Invitations & White Envelopes, 24 8-1/2"" X 11"" Cards, 25 Env./Pack",22.7115,,
Xerox 1927,22.684,,
Pyle PRT45 Retro Home Telephone,22.6764,,
Bulldog Table or Wall-Mount Pencil Sharpener,22.5823,,
Xerox 1896,22.4775,,
"Important Message Pads, 50 4-1/4 x 5-1/2 Forms per Pad",22.47,,
Avery 492,22.464,,
Fluorescent Highlighters by Dixon,22.4472,,
Lenovo 17-Key USB Numeric Keypad,22.4334,,
Smead Alpha-Z Color-Coded Second Alphabetical Labels and Starter Set,22.4224,,
Xerox 218,22.2912,,
Newell 351,22.1072,,
"Westinghouse Mesh Shade Clip-On Gooseneck Lamp, Black",22.0584,,
Avery 520,22.05,,
"Telephone Message Books with Fax/Mobile Section, 4 1/4"" x 6""",21.96,,
Avery Hanging File Binders,21.8868,,
Fellowes Presentation Covers for Comb Binding Machines,21.825,,
Xerox 215,21.7728,,
"Eldon Expressions Punched Metal & Wood Desk Accessories, Pewter & Cherry",21.7056,,
Recycled Easel Ring Binders,21.634,,
EcoTones Memo Sheets,21.6,,
Logitech VX Revolution Cordless Laser Mouse for Notebooks (Black),21.5988,,
Staple-on labels,21.5883,,
Ibico Plastic and Wire Spiral Binding Combs,21.5808,,
Akro-Mils 12-Gallon Tote,21.5481,,
"Executive Impressions 13-1/2"" Indoor/Outdoor Wall Clock",21.318,,
Acme Elite Stainless Steel Scissors,21.0168,,
2300 Heavy-Duty Transfer File Systems by Perma,20.9832,,
Microsoft Natural Keyboard Elite,20.958,,
"Bravo II Megaboss 12-Amp Hard Body Upright, Replacement Belts, 2 Belts per Pack",20.8325,,
"Black Print Carbonless 8 1/2"" x 8 1/4"" Rapid Memo Book",20.8208,,
DAX Cubicle Frames - 8x10,20.772,,
"Sanford Colorific Colored Pencils, 12/Box",20.736,,
Zebra Zazzle Fluorescent Highlighters,20.672,,
"Eldon Expressions Punched Metal & Wood Desk Accessories, Black & Cherry",20.636,,
Advantus Map Pennant Flags and Round Head Tacks,20.54,,
Acme Value Line Scissors,20.44,,
"TOPS Voice Message Log Book, Flash Format",20.3728,,
Acme Titanium Bonded Scissors,20.23,,
Advantus Push Pins,20.2086,,
Stockwell Push Pins,20.0996,,
"Dixon Ticonderoga Erasable Colored Pencil Set, 12-Color",20.0928,,
Advantus T-Pin Paper Clips,20.0244,,
Advantus SlideClip Paper Clips,19.778,,
Newell 328,19.7392,,
"Acco PRESSTEX Data Binder with Storage Hooks, Light Blue, 9 1/2"" X 11""",19.6908,,
Xerox 199,19.688,,
"Premium Writing Pencils, Soft, #2 by Central Association for the Blind",19.4296,,
ACCOHIDE Binder by Acco,19.2871,,
Boston 16701 Slimline Battery Pencil Sharpener,19.128,,
Colored Envelopes,19.0404,,
Permanent Self-Adhesive File Folder Labels for Typewriters by Universal,19.0008,,
Flexible Leather- Look Classic Collection Ring Binder,18.94,,
Avery 517,18.8559,,
Newell 333,18.8484,,
Xerox 1953,18.832,,
Prang Dustless Chalk Sticks,18.816,,
"While You Were Out Pads, 50 per Pad, 4 x 5 1/4, Green Cycle",18.7781,,
Avery 491,18.6676,,
GBC VeloBind Cover Sets,18.528,,
"Executive Impressions 8-1/2"" Career Panel/Partition Cubicle Clock",18.512,,
"Acco Pressboard Covers with Storage Hooks, 14 7/8"" x 11"", Light Blue",18.4125,,
"GBC Laser Imprintable Binding System Covers, Desert Sand",18.4083,,
Nontoxic Chalk,18.2336,,
Prestige Round Ring Binders,18.0576,,
"Acco Banker's Clasps, 5 3/4""-Long",18,,
Griffin GC36547 PowerJolt SE Lightning Charger,17.992,,
"Sanford Colorific Eraseable Coloring Pencils, 12 Count",17.876,,
Samsung Replacement EH64AVFWE Premium Headset,17.875,,
Newell 314,17.856,,
"Boston 1827 Commercial Additional Cutter, Drive Gear & Gear Rack for 1606",17.847,,
Belkin 7 Outlet SurgeMaster Surge Protector with Phone Protection,17.766,,
Barrel Sharpener,17.6358,,
Imation Swivel Flash Drive USB flash drive - 8 GB,17.6235,,
Bionaire 99.97% HEPA Air Cleaner,17.52,,
iHome FM Clock Radio with Lightning Dock,17.4975,,
Xerox 1921,17.4825,,
PayAnywhere Card Reader,17.4825,,
"Eldon Delta Triangular Chair Mat, 52"" x 58"", Clear",17.4478,,
Xerox 1972,17.424,,
Stackable Trays,17.1248,,
Eldon Image Series Black Desk Accessories,17.0568,,
"Dixon My First Ticonderoga Pencil, #2",17.0235,,
"Perma STOR-ALL Hanging File Box, 13 1/8""W x 12 1/4""D x 10 1/2""H",16.8038,,
"#10 Gummed Flap White Envelopes, 100/Box",16.7678,,
Avery Binding System Hidden Tab Executive Style Index Sets,16.733,,
3-ring staple pack,16.6944,,
Xerox 207,16.5888,,
Acco Perma 3000 Stacking Storage Drawers,16.5742,,
Xerox 1926,16.3842,,
"Adams Write n' Stick Phone Message Book, 11"" X 5 1/4"", 200 Messages",16.3584,,
Xerox 1998,16.3296,,
Boston 16765 Mini Stand Up Battery Pencil Sharpener,16.324,,
Acco Translucent Poly Ring Binders,16.2864,,
Kingston Digital DataTraveler 64GB USB 2.0,16.2144,,
"Verbatim Slim CD and DVD Storage Cases, 50/Pack",16.156,,
Belkin QODE FastFit Bluetooth Keyboard,16.107,,
Document Clip Frames,16.0128,,
Cisco SPA 501G IP Phone,16.011,,
"Hunt BOSTON Vista Battery-Operated Pencil Sharpener, Black",15.8576,,
First Data FD10 PIN Pad,15.8,,
Newell 350,15.744,,
"Ampad Poly Cover Wirebound Steno Book, 6"" x 9"" Assorted Colors, Gregg Ruled",15.663,,
Rogers Handheld Barrel Pencil Sharpener,15.618,,
"Black Avery Memo-Size 3-Ring Binder, 5 1/2"" x 8 1/2""",15.5608,,
Xerox 1958,15.552,,
Wilson Jones DublLock D-Ring Binders,15.525,,
Newell 332,15.5232,,
Xerox 1980,15.408,,
Dax Clear Box Frame,15.3648,,
"Barricks Non-Folding Utility Table with Steel Legs, Laminate Tops",15.3522,,
Avery 498,15.3459,,
Binder Clips by OIC,15.3328,,
Wilson Jones data.warehouse D-Ring Binders with DublLock,15.3078,,
Regeneration Desk Collection,15.2064,,
"C-Line Peel & Stick Add-On Filing Pockets, 8-3/4 x 5-1/8, 10/Pack",15.0969,,
Hammermill CopyPlus Copy Paper (20Lb. and 84 Bright),15.0894,,
Durable Pressboard Binders,15.086,,
Ibico Presentation Index for Binding Systems,15.0842,,
Global Chrome Stack Chair,15.0832,,
"Atlantic Metals Mobile 5-Shelf Bookcases, Custom Colors",15.049,,
Letter or Legal Size Expandable Poly String Tie Envelopes,15.0024,,
JBL Micro Wireless Portable Bluetooth Speaker,14.9975,,
SanDisk Cruzer 16 GB USB Flash Drive,14.924,,
SAFCO Optional Arm Kit for Workspace Cribbage Stacking Chair,14.9184,,
Avery Hole Reinforcements,14.8274,,
Avery Poly Binder Pockets,14.7496,,
Xerox 1983,14.651,,
Newell 331,14.6211,,
"Sanford Colorific Scented Colored Pencils, 12/Pack",14.5948,,
"Master Caster Door Stop, Large Brown",14.56,,
"GE General Purpose, Extra Long Life, Showcase & Floodlight Incandescent Bulbs",14.55,,
Newell 318,14.4004,,
Newell 321,14.3664,,
GBC Durable Plastic Covers,14.319,,
"Safco Wire Cube Shelving System, For Use as 4 or 5 14"" Cubes, Black",14.301,,
"Wirebound Message Forms, Four 2 3/4 x 5 Forms per Page, Pink Paper",14.2975,,
"Master Caster Door Stop, Gray",14.224,,
American Pencil,14.1897,,
Faber Castell Col-Erase Pencils,14.0832,,
Anker 24W Portable Micro USB Car Charger,14.0672,,
Xerox 190,14.0436,,
Avery 509,14.0418,,
RCA ViSYS 25423RE1 Corded phone,13.9986,,
Avery Durable Binders,13.824,,
Newell 336,13.7816,,
Recycled Pressboard Report Cover with Reinforced Top Hinge,13.7598,,
Newell 343,13.7592,,
Eldon Pizzaz Desk Accessories,13.7368,,
Xerox 1990,13.728,,
"GBC Clear Cover, 8-1/2 x 11, unpunched, 25 covers per pack",13.644,,
"Avery Durable Slant Ring Binders, No Labels",13.6116,,
"Sanford Uni-Blazer View Highlighters, Chisel Tip, Yellow",13.552,,
Hammermill Color Copier Paper (28Lb. and 96 Bright),13.4865,,
"Binney & Smith inkTank Desk Highlighter, Chisel Tip, Yellow, 12/Box",13.459,,
Fiskars Spring-Action Scissors,13.4208,,
Southworth 25% Cotton Granite Paper & Envelopes,13.2108,,
"Acco Pressboard Covers with Storage Hooks, 14 7/8"" x 11"", Dark Blue",13.1826,,
Newell 317,13.1712,,
Boston 16750 Black Compact Battery Pencil Sharpener,13.125,,
"Eldon Regeneration Recycled Desk Accessories, Black",13.1164,,
"Eldon 300 Class Desk Accessories, Black",13.068,,
Newell 311,13.039,,
"SKILCRAFT Telephone Shoulder Rest, 2"" x 6.5"" x 2.5"", Black",13.0064,,
Belkin Grip Candy Sheer Case / Cover for iPhone 5 and 5S,12.9944,,
Wilson Jones International Size A4 Ring Binders,12.802,,
"Eureka Sanitaire  Multi-Pro Heavy-Duty Upright, Disposable Bags",12.7604,,
Xerox 1976,12.7008,,
Blackstonian Pencils,12.6024,,
Cardinal Poly Pocket Divider Pockets for Ring Binders,12.6,,
Avery Durable Slant Ring Binders With Label Holder,12.4564,,
Acme Stainless Steel Office Snips,12.4317,,
Avery Round Ring Poly Binders,12.2972,,
Rediform Voice Mail Log Books,12.1584,,
Hon Every-Day Chair Series Swivel Task Chairs,12.098,,
Decoflex Hanging Personal Folder File,12.0276,,
NETGEAR RangeMax WNR1000 Wireless Router,11.9952,,
Newell 32,11.9808,,
Zipper Ring Binder Pockets,11.7312,,
"Verbatim 25 GB 6x Blu-ray Single Layer Recordable Disc, 1/Pack",11.473,,
Storex DuraTech Recycled Plastic Frosted Binders,11.448,,
Disposable Triple-Filter Dust Bags,11.362,,
Colorific Watercolor Pencils,11.3004,,
"Ampad Evidence Wirebond Steno Books, 6"" x 9""",11.2924,,
Avery 497,11.2112,,
Square Credit Card Reader,11.1888,,
Acme Kleen Earth Office Shears,11.1744,,
Newell 330,11.1228,,
Jiffy Padded Mailers with Self-Seal Closure,10.8054,,
Newell 327,10.7406,,
"Binney & Smith inkTank Erasable Pocket Highlighter, Chisel Tip, Yellow",10.6704,,
Turquoise Lead Holder with Pocket Clip,10.586,,
"""While you Were Out"" Message Book, One Form per Page",10.388,,
Jabra SPEAK 410 Multidevice Speakerphone,10.2995,,
"Acme Design Line 8"" Stainless Steel Bent Scissors w/Champagne Handles, 3-1/8"" Cut",10.1916,,
"Holmes Visible Mist Ultrasonic Humidifier with 2.3-Gallon Output per Day, Replacement Filter",10.188,,
3M Organizer Strips,10.152,,
"Eldon Expressions Wood Desk Accessories, Oak",10.1106,,
"SmartStand Mobile Device Holder, Assorted Colors",10.0656,,
Newell 349,10.0368,,
Newell 335,10.0224,,
Avery Binder Labels,9.8806,,
Economy Binders,9.7968,,
Rediform S.O.S. Phone Message Books,9.7608,,
Newell 348,9.7088,,
"Avery Hi-Liter GlideStik Fluorescent Highlighter, Yellow Ink",9.6496,,
Sanford Pocket Accent Highlighters,9.632,,
Acco Glide Clips,9.604,,
Micro Innovations Wireless Classic Keyboard with Mouse,9.5968,,
Ultra Commercial Grade Dual Valve Door Closer,9.5736,,
"Avery 05222 Permanent Self-Adhesive File Folder Labels for Typewriters, on Rolls, White, 250/Roll",9.499,,
Newell 320,9.4588,,
Avery Fluorescent Highlighter Four-Color Set,9.352,,
Stacking Trays by OIC,9.3126,,
"Eldon Spacemaker Box, Quick-Snap Lid, Clear",9.2852,,
Dixon Ticonderoga Pencils,9.2678,,
Xerox 1985,9.072,,
Heavy-Duty E-Z-D Binders,9.0553,,
Economy #2 Pencils,8.9908,,
Self-Adhesive Address Labels for Typewriters with Dispenser Box,8.9667,,
BIC Brite Liner Grip Highlighters,8.938,,
Assorted Color Push Pins,8.9233,,
"Eldon Regeneration Recycled Desk Accessories, Smoke",8.9088,,
Imation USB 2.0 Swivel Flash Drive USB flash drive - 4 GB - Pink,8.9082,,
Tenex Chairmats For Use With Carpeted Floors,8.789,,
Imation 8GB Mini TravelDrive USB 2.0 Flash Drive,8.7551,,
"Acco Recycled 2"" Capacity Laser Printer Hanging Data Binders",8.67,,
Avery 507,8.64,,
"Universal Recycled Hanging Pressboard Report Binders, Letter Size",8.638,,
DIXON Oriole Pencils,8.6172,,
Newell 346,8.6112,,
Loose Memo Sheets,8.5775,,
Newell 344,8.5624,,
Imation 30456 USB Flash Drive 8GB,8.556,,
GBC Standard Therm-A-Bind Covers,8.4728,,
Newell 33,8.37,,
Unpadded Memo Slips,8.358,,
"Sanford EarthWrite Recycled Pencils, Medium Soft, #2",8.232,,
Acco Hanging Data Binders,8.2296,,
Newell 316,8.2152,,
"OIC #2 Pencils, Medium Soft",8.1404,,
Avery 510,8.1,,
Newell 326,7.8672,,
Binder Posts,7.8064,,
DAX Wood Document Frame.,7.6888,,
Colored Push Pins,7.602,,
Newell 340,7.5168,,
Avery Hi-Liter Fluorescent Desk Style Markers,7.5036,,
Newell 310,7.48,,
Col-Erase Pencils with Erasers,7.4784,,
Acme Kleencut Forged Steel Scissors,7.462,,
"Acco Four Pocket Poly Ring Binder with Label Holder, Smoke, 1""",7.45,,
Portfile Personal File Boxes,7.434,,
Maxell 4.7GB DVD-R 5/Pack,7.3656,,
Color-Coded Legal Exhibit Labels,7.2177,,
"Pressboard Data Binder, Crimson, 12"" X 8 1/2""",7.1556,,
"OIC Binder Clips, Mini, 1/4"" Capacity, Black",7.0804,,
Avery 479,6.8382,,
Tensor Brushed Steel Torchiere Floor Lamp,6.796,,
"Eldon Expressions Desk Accessory, Wood Pencil Holder, Oak",6.755,,
"Binney & Smith Crayola Metallic Crayons, 16-Color Pack",6.74,,
Newell 322,6.6612,,
"Stride Job 150 Highlighters, Chisel Tip, Assorted Colors",6.4584,,
"Eldon Imàge Series Desk Accessories, Clear",6.3666,,
Xerox 1984,6.3504,,
Newell 338,6.3504,,
Belkin iPhone and iPad Lightning Cable,6.2958,,
Avery 502,6.174,,
Lunatik TT5L-002 Taktik Strike Impact Protection System for iPhone 5,6.123,,
Newell 339,6.116,,
"Quartet Alpha White Chalk, 12/Pack",6.0996,,
SpineVue Locking Slant-D Ring Binders by Cardinal,6.0324,,
Eldon File Chest Portable File,5.955,,
Acco Perma 2700 Stacking Storage Drawers,5.948,,
Translucent Push Pins by OIC,5.841,,
"Binney & Smith inkTank Erasable Desk Highlighter, Chisel Tip, Yellow, 12/Box",5.7456,,
"SlimView Poly Binder, 3/8""",5.698,,
Xerox 1969,5.6644,,
"Universal Ultra Bright White Copier/Laser Paper, 8 1/2"" x 11"", Ream",5.6376,,
Wilson Jones Easy Flow II Sheet Lifters,5.616,,
SanDisk Cruzer 4 GB USB Flash Drive,5.5165,,
Avery 482,5.4332,,
Wilson Jones Four-Pocket Poly Binders,5.4282,,
Kingston Digital DataTraveler 32GB USB 2.0,5.424,,
"Cardinal Slant-D Ring Binder, Heavy Gauge Vinyl",5.3878,,
Xerox 1901,5.28,,
Sony 16GB Class 10 Micro SDHC R40 Memory Card,5.156,,
OIC Thumb-Tacks,5.1414,,
Belkin Standard 104 key USB Keyboard,5.1065,,
Wilson Jones Suede Grain Vinyl Binders,5.0596,,
GBC Standard Plastic Binding Systems' Combs,5.024,,
Wirebound Voice Message Log Book,4.9504,,
"Dixon Ticonderoga Maple Cedar Pencil, #2",4.912,,
Newell 329,4.8544,,
Contemporary Wood/Metal Frame,4.848,,
Rogers Profile Extra Capacity Storage Tub,4.6872,,
Maxell 4.7GB DVD+R 5/Pack,4.6035,,
Boston 1900 Electric Pencil Sharpener,4.494,,
SANFORD Liquid Accent Tank-Style Highlighters,4.402,,
"Cardinal HOLDit! Binder Insert Strips,Extra Strips",4.3677,,
Xerox 1922,4.3326,,
Peel & Stick Add-On Corner Pockets,4.32,,
Newell 313,4.264,,
Cush Cases Heavy Duty Rugged Cover Case for Samsung Galaxy S5 - Purple,3.9105,,
Pencil and Crayon Sharpener,3.7668,,
Newell 323,3.7632,,
Maxell CD-R Discs,3.7036,,
OtterBox Defender Series Case - iPhone 5c,3.698,,
Eldon Jumbo ProFile Portable File Boxes Graphite/Black,3.6744,,
Newell 3-Hole Punched Plastic Slotted Magazine Holders for Binders,3.656,,
Contemporary Borderless Frame,3.6162,,
Memorex Mini Travel Drive 4 GB USB 2.0 Flash Drive,3.5742,,
Newell 307,3.5672,,
"Hoover Replacement Belts For Soft Guard & Commercial Ltweight Upright Vacs, 2/Pk",3.476,,
Ibico Recycled Grain-Textured Covers,3.454,,
Stockwell Gold Paper Clips,3.404,,
Avery 484,3.3408,,
GBC Instant Report Kit,3.235,,
Avery Hi-Liter Pen Style Six-Color Fluorescent Set,3.157,,
"GE General Use Halogen Bulbs, 100 Watts, 1 Bulb per Pack",3.141,,
Xerox 20,3.1104,,
"Avery Hi-Liter Comfort Grip Fluorescent Highlighter, Yellow Ink",3.042,,
12 Colored Short Pencils,3.016,,
Newell 342,2.8536,,
Avery 5,2.8224,,
Belkin 7-Outlet SurgeMaster Home Series,2.794,,
4009 Highlighters,2.7336,,
Xerox 1989,2.6892,,
Plastic Stacking Crates & Casters,2.6784,,
Woodgrain Magazine Files by Perma,2.6224,,
RCA H5401RE1 DECT 6.0 4-Line Cordless Handset With Caller ID/Call Waiting,2.3997,,
Grip Seal Envelopes,2.3868,,
Self-Adhesive Ring Binder Labels,2.3584,,
Design Ebony Sketching Pencil,2.3074,,
Sannysis Cute Owl Design Soft Skin Case Cover for Samsung Galaxy S4,2.2968,,
Kleencut Forged Office Shears by Acme United Corporation,2.288,,
Newell 308,2.1,,
"Tensor ""Hersey Kiss"" Styled Floor Lamp",2.0784,,
Imation Clip USB flash drive - 8 GB,1.88,,
Wilson Jones Hanging Recycled Pressboard Data Binders,1.7808,,
"Commercial WindTunnel Clean Air Upright Vacuum, Replacement Belts, Filtration Bags",1.6338,,
Hoover Portapower Portable Vacuum,1.344,,
"Sanitaire Vibra Groomer IR Commercial Upright Vacuum, Replacement Belts",1.3,,
KeyTronic KT800P2 - Keyboard - Black,1.2016,,
Newell 337,1.1808,,
Acco Expandable Hanging Binders,1.0208,,
Rosewill 107 Normal Keys USB Wired Standard Keyboard,0.8088,,
Nu-Dell EZ-Mount Plastic Wall Frames,0.788,,
Alliance Rubber Bands,0.5376,,
Hoover Replacement Belt for Commercial Guardsman Heavy-Duty Upright Vacuum,0.444,,
Sony 8GB Class 10 Micro SDHC R40 Memory Card,0.3399,,
Letter Slitter,0.3024,,
Bagged Rubber Bands,0.3024,,
HON 5400 Series Task Chairs for Big and Tall,0,,
Belkin OmniView SE Rackmount Kit,0,,
"Avery Trapezoid Extra Heavy Duty 4"" Binders",0,,
"Alliance Big Bands Rubber Bands, 12/Pack",0,,
Global Super Steno Chair,0,,
Premier Electric Letter Opener,0,,
"Acco PRESSTEX Data Binder with Storage Hooks, Dark Blue, 9 1/2"" X 11""",-0.1614,,
Rubber Band Ball,-0.2992,,
"Brites Rubber Bands, 1 1/2 oz. Box",-0.5148,,
Eldon Gobal File Keepers,-0.6056,,
"Avery Framed View Binder, EZD Ring (Locking), Navy, 1 1/2""",-0.6986,,
Round Ring Binders,-0.9152,,
"Executive Impressions 16-1/2"" Circular Wall Clock",-1.0688,,
SanDisk Cruzer 8 GB USB Flash Drive,-1.3584,,
Acme Serrated Blade Letter Opener,-1.749,,
"Executive Impressions 14"" Contract Wall Clock with Quartz Movement",-1.7784,,
Penpower WorldCard Pro Card Scanner,-1.8295,,
Angle-D Ring Binders,-1.9692,,
Storex Flexible Poly Binders with Double Pockets,-2.0064,,
Computer Printout Index Tabs,-2.016,,
Kingston Digital DataTraveler 8GB USB 2.0,-2.023,,
PNY Rapid USB Car Charger - Black,-2.0774,,
Avery Self-Adhesive Photo Pockets for Polaroid Photos,-2.1792,,
"GBC Twin Loop Wire Binding Elements, 9/16"" Spine, Black",-2.283,,
Hoover Commercial Lightweight Upright Vacuum,-2.5056,,
"Super Bands, 12/Pack",-2.604,,
"Stacking Tray, Side-Loading, Legal, Smoke",-2.8672,,
GBC Standard Plastic Binding Systems Combs,-2.9205,,
"Fellowes Twister Kit, Gray/Clear, 3/pkg",-3.216,,
Carina Double Wide Media Storage Towers in Natural & Black,-3.2392,,
Plymouth Boxed Rubber Bands by Plymouth,-3.297,,
Acme Rosewood Handle Letter Opener,-3.4936,,
Acco 6 Outlet Guardian Basic Surge Suppressor,-3.6608,,
Sterling Rubber Bands by Alliance,-3.768,,
"Mead 1st Gear 2"" Zipper Binder, Asst. Colors",-3.891,,
Serrated Blade or Curved Handle Hand Letter Openers,-4.1134,,
Fellowes Black Plastic Comb Bindings,-4.4156,,
Eureka Disposable Bags for Sanitaire Vibra Groomer I Upright Vac,-4.466,,
Insertable Tab Indexes For Data Binders,-4.8336,,
Eldon 100 Class Desk Accessories,-4.8528,,
"Rogers Jumbo File, Granite",-4.8888,,
Acco Suede Grain Vinyl Round Ring Binder,-4.8928,,
"Avery Triangle Shaped Sheet Lifters, Black, 2/Pack",-4.92,,
UniKeep View Case Binders,-5.4768,,
Revere Boxed Rubber Bands by Revere,-5.7078,,
Acco Economy Flexible Poly Round Ring Binder,-5.742,,
Telescoping Adjustable Floor Lamp,-5.997,,
Tennsco Regal Shelving Units,-6.0846,,
Sterilite Show Offs Storage Containers,-6.336,,
Plantronics MX500i Earset,-6.4425,,
Akro Stacking Bins,-6.9432,,
Avery Hidden Tab Dividers for Binding Systems,-7.0328,,
Acco Smartsocket Color-Coded Six-Outlet AC Adapter Model Surge Protectors,-7.0416,,
Safco Commercial Shelving,-7.4416,,
"Eldon Expressions Desk Accessory, Wood Photo Frame, Mahogany",-7.616,,
Eldon Shelf Savers Cubes and Bins,-7.678,,
Acco Side-Punched Conventional Columnar Pads,-7.8075,,
"Sauder Facets Collection Library, Sky Alder Finish",-8.549,,
"Wilson Jones 1"" Hanging DublLock Ring Binders",-8.5536,,
"GBC Velobind Prepunched Cover Sets, Regency Series",-9.245,,
Hoover Commercial Lightweight Upright Vacuum with E-Z Empty Dirt Cup,-9.3032,,
"Safco Value Mate Series Steel Bookcases, Baked Enamel Finish on Steel, Gray",-9.9372,,
Shocksock Galaxy S4 Armband,-10.074,,
Pressboard Hanging Data Binders for Unburst Sheets,-10.1352,,
"Alliance Super-Size Bands, Assorted Sizes",-10.3474,,
Hoover Commercial Soft Guard Upright Vacuum And Disposable Filtration Bags,-10.4118,,
Avaya 5410 Digital phone,-10.8784,,
Dana Swing-Arm Lamps,-11.214,,
GBC Personal VeloBind Strips,-11.2612,,
"Pressboard Covers with Storage Hooks, 9 1/2"" x 11"", Light Blue",-11.8822,,
Gear Head AU3700S Headset,-11.9508,,
iOttie HLCRIO102 Car Mount,-11.994,,
Case Logic 2.4GHz Wireless Keyboard,-11.9976,,
"Lesro Sheffield Collection Coffee Table, End Table, Center Table, Corner Table",-12.1329,,
O'Sullivan 5-Shelf Heavy-Duty Bookcases,-12.291,,
GBC Instant Index System for Binding Systems,-12.432,,
Cardinal Hold-It CD Pocket,-12.4488,,
"Bush Saratoga Collection 5-Shelf Bookcase, Hanover Cherry, *Special Order",-12.6882,,
Fellowes Bankers Box Stor/Drawer Steel Plus,-12.792,,
Martin-Yale Premier Letter Opener,-12.88,,
GBC ProClick Spines for 32-Hole Punch,-13.2818,,
XtraLife ClearVue Slant-D Ring Binders by Cardinal,-13.328,,
Motorola L804,-13.3371,,
"Acco Pressboard Covers with Storage Hooks, 14 7/8"" x 11"", Executive Red",-13.9065,,
"Avery 3 1/2"" Diskette Storage Pages, 10/Pack",-14.4072,,
Dexim XPower Skin Super-Thin Power Case for iPhone 5 - Black,-14.6225,,
ARKON Windshield Dashboard Air Vent Car Mount Holder,-15.594,,
Avery Durable Poly Binders,-15.5946,,
Avery Reinforcements for Hole-Punch Pages,-16.137,,
"Electrix Incandescent Magnifying Lamp, Black",-16.4925,,
Tripp Lite Isotel 8 Ultra 8 Outlet Metal Surge,-17.0328,,
Anderson Hickey Conga Table Tops & Accessories,-17.5145,,
Fellowes Neat Ideas Storage Cubes,-18.1888,,
Speck Products Candyshell Flip Case,-18.1948,,
GBC Wire Binding Strips,-18.4092,,
Large Capacity Hanging Post Binders,-19.461,,
Logitech Keyboard K120,-19.602,,
Wilson Jones Custom Binder Spines & Labels,-19.6928,,
Accohide Poly Flexible Ring Binders,-19.822,,
"Bush Westfield Collection Bookcases, Medium Cherry Finish",-20.293,,
3M Replacement Filter for Office Air Cleaner for 20' x 33' Room,-20.4768,,
Space Solutions Industrial Galvanized Steel Shelving.,-20.488,,
Texas Instrument TI-15 Fraction Calculator,-20.519,,
Cyber Acoustics AC-202b Speech Recognition Stereo Headset,-20.5242,,
"Global Armless Task Chair, Royal Blue",-20.7332,,
Plantronics Single Ear Headset,-21.945,,
Stiletto Hand Letter Openers,-21.984,,
Panasonic KX MC6040 Color Laser Multifunction Printer,-22.4975,,
Avery Durable Slant Ring Binders,-23.76,,
GBC VeloBinder Strips,-23.808,,
Anker Astro 15000mAh USB Portable Charger,-23.9952,,
"SAFCO Commercial Wire Shelving, 72h",-24.496,,
"Tennsco Lockers, Gray",-26.4348,,
"Hon Metal Bookcases, Black",-26.9724,,
"GBC Standard Recycled Report Covers, Clear Plastic Sheets",-27.1656,,
Fellowes Bankers Box Recycled Super Stor/Drawer,-30.2288,,
Macally Suction Cup Mount,-31.07,,
Samsung Convoy 3,-31.0772,,
Anker Astro Mini 3000mAh Ultra-Compact Portable Charger,-31.984,,
"Memorex 25GB 6X Branded Blu-Ray Recordable Disc, 30/Pack",-32.2695,,
Novimex Turbo Task Chair,-32.6508,,
Rogers Deluxe File Chest,-34.7284,,
Hon Comfortask Task/Swivel Chairs,-36.4736,,
"Tennsco Stur-D-Stor Boltless Shelving, 5 Shelves, 24"" Deep, Sand",-36.5337,,
Kensington 6 Outlet SmartSocket Surge Protector,-36.882,,
Mediabridge Sport Armband iPhone 5s,-38.961,,
Bevis Round Conference Room Tables and Bases,-39.4438,,
Insertable Tab Post Binder Dividers,-39.699,,
36X48 HARDFLOOR CHAIRMAT,-40.4914,,
"Tenex ""The Solids"" Textured Chair Mats",-40.5768,,
Office Star - Ergonomically Designed Knee Chair,-42.1096,,
Eldon Cleatmat Chair Mats for Medium Pile Carpets,-42.18,,
"Iris 3-Drawer Stacking Bin, Black",-43.4512,,
"Tenex Traditional Chairmats for Hard Floors, Average Lip, 36"" x 48""",-46.404,,
"Belkin 19"" Center-Weighted Shelf, Gray",-47.184,,
SanDisk Ultra 16 GB MicroSDHC Class 10 Memory Card,-48.5826,,
Tennsco Commercial Shelving,-48.6126,,
Eldon Advantage Foldable Chair Mats for Low Pile Carpets,-48.78,,
Hon Deluxe Fabric Upholstered Stacking Chairs,-48.796,,
Clearsounds A400,-48.8326,,
iOttie XL Car Mount,-50.3748,,
"Eldon Base for stackable storage shelf, platinum",-52.569,,
Cisco CP-7937G Unified IP Conference Station Phone,-55.656,,
OtterBox Commuter Series Case - Samsung Galaxy S4,-55.9776,,
Fellowes Econo/Stor Drawers,-56.2194,,
Bush Somerset Collection Bookcase,-56.3214,,
Compact Automatic Electric Letter Opener,-57.2688,,
"Contico 72""H Heavy-Duty Storage System",-57.372,,
V7 USB Numeric Keypad,-58.7832,,
i.Sound Portable Power - 8000 mAh,-58.8189,,
"Gould Plastics 9-Pocket Panel Bin, 18-3/8w x 5-1/4d x 20-1/2h, Black",-63.588,,
"Office Impressions End Table, 20-1/2""H x 24""W x 20""D",-66.8272,,
"O'Sullivan Elevations Bookcase, Cherry Finish",-68.1096,,
GBC Plasticlear Binding Covers,-68.4208,,
"Carina Mini System Audio Rack, Model AR050B",-68.8076,,
Avery Recycled Flexi-View Covers for Binding Systems,-69.5702,,
"Sauder Forest Hills Library, Woodland Oak Finish",-70.49,,
Rush Hierlooms Collection Rich Wood Bookcases,-70.8312,,
Hewlett-Packard Deskjet F4180 All-in-One Color Ink-jet - Printer / copier / scanner,-71.3958,,
Space Solutions Commercial Steel Shelving,-74.3475,,
Fellowes Command Center 5-outlet power strip,-78.016,,
Sensible Storage WireTech Storage Systems,-78.078,,
"Sauder Camden County Collection Libraries, Planked Cherry Finish",-78.1864,,
O'Sullivan Cherrywood Estates Traditional Barrister Bookcase,-78.3636,,
Eldon Executive Woodline II Cherry Finish Desk Accessories,-78.5088,,
O'Sullivan Living Dimensions 2-Shelf Bookcases,-78.637,,
"Global Task Chair, Black",-80.4062,,
Sauder Cornerstone Collection Library,-81.1676,,
"Wilson Jones Elliptical Ring 3 1/2"" Capacity Binders, 800 sheets",-82.176,,
GBC Linen Binding Covers,-82.4068,,
Motorola HK250 Universal Bluetooth Headset,-91.5002,,
"Bush Westfield Collection Bookcases, Dark Cherry Finish",-97.4064,,
Acco D-Ring Binder w/DublLock,-102.8378,,
Sauder Camden County Collection Library,-103.482,,
Safco Industrial Shelving,-104.1285,,
"Barricks 18"" x 48"" Non-Folding Utility Table with Bottom Storage Shelf",-104.832,,
Tennsco Industrial Shelving,-108.5802,,
"Carina 42""Hx23 3/4""W Media Storage Unit",-110.1328,,
Eldon Cleatmat Plus Chair Mats for High Pile Carpets,-111.328,,
"Atlantic Metals Mobile 2-Shelf Bookcases, Custom Colors",-113.2606,,
Acco 6 Outlet Guardian Premium Plus Surge Suppressor,-113.7672,,
"Global Leather & Oak Executive Chair, Burgundy",-114.6764,,
Hon 2111 Invitation Series Straight Table,-115.3074,,
"Bush Birmingham Collection Bookcase, Dark Cherry",-117.882,,
Cisco IP Phone 7961G-GE VoIP phone,-119.119,,
Belkin F9S820V06 8 Outlet Surge,-120.176,,
Carina Media Storage Towers in Natural & Black,-121.96,,
"Deflect-o EconoMat Studded, No Bevel Mat for Low Pile Carpeting",-125.1996,,
"Sauder Mission Library with Doors, Fruitwood Finish",-125.7408,,
"Atlantic Metals Mobile 4-Shelf Bookcases, Custom Colors",-126.441,,
Safco Industrial Wire Shelving,-126.7068,,
Samsung Galaxy Note 2,-128.7972,,
Tenex Chairmats For Use with Hard Floors,-129.92,,
Office Star - Mesh Screen back chair with Vinyl seat,-130.98,,
Novimex Fabric Task Chair,-131.107,,
O'Sullivan 2-Shelf Heavy-Duty Bookcases,-133.1092,,
Novimex High-Tech Fabric Mesh Task Chair,-133.4424,,
"Bush Andora Conference Table, Maple/Graphite Gray Finish",-143.6232,,
Hon 61000 Series Interactive Training Tables,-148.3962,,
Global Deluxe High-Back Office Chair in Storm,-149.589,,
"Office Star - Contemporary Task Swivel chair with 2-way adjustable arms, Plum",-158.4858,,
Bevis 44 x 96 Conference Tables,-164.72,,
Cisco 8961 IP Phone Charcoal,-164.9538,,
"Global Geo Office Task Chair, Gray",-166.009,,
Office Impressions Heavy Duty Welded Shelving & Multimedia Storage Drawers,-167.27,,
O'Sullivan Living Dimensions 3-Shelf Bookcases,-170.833,,
Epson Perfection V600 Photo Scanner,-172.4925,,
"Gould Plastics 18-Pocket Panel Bin, 34w x 5-1/4d x 20-1/2h",-172.9412,,
"Rubbermaid ClusterMat Chairmats, Mat Size- 66"" x 60"", Lip 20"" x 11"" -90 Degree Angle",-173.1288,,
Honeywell Enviracaire Portable Air Cleaner for up to 8 x 10 Room,-177.2232,,
"Hon 30"" x 60"" Table with Locking Drawer",-177.3512,,
"Belkin 19"" Vented Equipment Shelf, Black",-179.6652,,
Chromcraft Round Conference Tables,-189.9761,,
"Bush Westfield Collection Bookcases, Dark Cherry Finish, Fully Assembled",-190.8522,,
Hon 4-Shelf Metal Bookcases,-191.862,,
"Bevis Round Bullnose 29"" High Table Top",-192.1854,,
High-Back Leather Manager's Chair,-197.5848,,
"Premier Elliptical Ring Binder, Black",-201.5128,,
Laminate Occasional Tables,-206.5342,,
"Bush Heritage Pine Collection 5-Shelf Bookcase, Albany Pine Finish, *Special Order",-208.6504,,
LG Exalt,-212.1464,,
Balt Solid Wood Rectangular Table,-216.2545,,
Global Deluxe Steno Chair,-216.3138,,
Safco Industrial Wire Shelving System,-218.352,,
"Tenex Carpeted, Granite-Look or Clear Contemporary Contour Shape Chair Mats",-222.7365,,
Office Star Flex Back Scooter Chair with White Frame,-228.6188,,
Hon 5100 Series Wood Tables,-238.6036,,
Catalog Binders with Expanding Posts,-242.208,,
Global Low Back Tilter Chair,-246.3912,,
KI Adjustable-Height Table,-248.4822,,
Okidata B401 Printer,-251.9874,,
Xerox WorkCentre 6505DN Laser Multifunction Printer,-251.9958,,
Eldon ClusterMat Chair Mat with Cordless Antistatic Protection,-256.5636,,
High Speed Automatic Electric Letter Opener,-262.0048,,
"Eldon ""L"" Workstation Diamond Chairmat",-267.4496,,
O'Sullivan Manor Hill 2-Door Library in Brianna Oak,-285.9484,,
Okidata C610n Printer,-292.05,,
Sauder Barrister Bookcases,-294.7672,,
Hon Rectangular Conference Tables,-295.815,,
Ibico Hi-Tech Manual Binding System,-304.99,,
"Brother MFC-9340CDW LED All-In-One Printer, Copier Scanner",-319.1916,,
Euro Pro Shark Stick Mini Vacuum,-325.6332,,
Bretford Rectangular Conference Table Tops,-327.2331,,
"Lesro Round Back Collection Coffee Table, End Table",-328.59,,
Fellowes Officeware Wire Shelving,-332.371,,
Jawbone MINI JAMBOX Wireless Bluetooth Speaker,-339.7104,,
"Deflect-o RollaMat Studded, Beveled Mat for Medium Pile Carpeting",-343.0956,,
Balt Split Level Computer Training Table,-357.975,,
LG G2,-374.9925,,
"Iceberg OfficeWorks 42"" Round Tables",-392.548,,
Hon 2111 Invitation Series Corner Table,-401.9904,,
"Chromcraft 48"" x 96"" Racetrack Double Pedestal Table",-404.0064,,
GBC VeloBinder Electric Binding Machine,-411.332,,
Riverside Furniture Stanwyck Manor Table Series,-415.9325,,
"Sauder Forest Hills Library with Doors, Woodland Oak Finish",-418.548,,
Premier Automatic Letter Opener,-427.8586,,
Okidata MB491 Multifunction Printer,-434.13,,
Novimex Swivel Fabric Task Chair,-445.391,,
Bevis Boat-Shaped Conference Table,-445.587,,
Swingline SM12-08 MicroCut Jam Free Shredder,-447.9888,,
Chromcraft Rectangular Conference Tables,-450.243,,
"Bevis Traditional Conference Table Top, Plinth Base",-456.7032,,
Global Enterprise Series Seating High-Back Swivel/Tilt Chairs,-460.666,,
GBC ProClick 150 Presentation Binding System,-461.3308,,
"3D Systems Cube Printer, 2nd Generation, White",-467.9964,,
SAFCO Boltless Steel Shelving,-470.4696,,
"Global High-Back Leather Tilter, Burgundy",-474.7414,,
KI Conference Tables,-479.2164,,
"Office Star - Contemporary Task Swivel chair with Loop Arms, Charcoal",-491.175,,
"Global Wood Trimmed Manager's Task Chair, Khaki",-503.1194,,
Lexmark MarkNet N8150 Wireless Print Server,-506.457,,
"Bevis Round Conference Table Top, X-Base",-519.941,,
"Tenex Chairmat w/ Average Lip, 45"" x 53""",-529.76,,
Tenex Antistatic Computer Chair Mats,-530.038,,
Bretford CR4500 Series Slim Rectangular Table,-532.7613,,
Bevis Rectangular Conference Tables,-586.8396,,
Hon Racetrack Conference Tables,-598.5228,,
"Chromcraft Bull-Nose Wood 48"" x 96"" Rectangular Conference Tables",-611.5878,,
Bestar Classic Bookcase,-612.9387,,
"SAFCO Commercial Wire Shelving, Black",-635.444,,
"Riverside Palais Royal Lawyers Bookcase, Royale Cherry Finish",-669.5448,,
Hon 94000 Series Round Tables,-681.214,,
O'Sullivan Living Dimensions 5-Shelf Bookcases,-755.7516,,
O'Sullivan Plantations 2-Door Library in Landvery Oak,-767.7436,,
StarTech.com 10/100 VDSL2 Ethernet Extender Kit,-785.762,,
BPI Conference Tables,-795.9725,,
Tennsco Single-Tier Lockers,-825.748,,
"Bevis Oval Conference Table, Walnut",-856.0144,,
3.6 Cubic Foot Counter Height Office Refrigerator,-872.0752,,
Zebra GK420t Direct Thermal/Thermal Transfer Printer,-938.28,,
Bretford “Just In Time” Height-Adjustable Multi-Task Work Tables,-964.194,,
O'Sullivan 4-Shelf Bookcase in Odessa Pine,-975.0988,,
Hon 2090 “Pillow Soft” Series Mid Back Swivel/Tilt Chairs,-989.0496,,
Epson TM-T88V Direct Thermal Printer - Monochrome - Desktop,-1057.23,,
"Riverside Furniture Oval Coffee Table, Oval End Table, End Table with Drawer",-1147.4,,
BoxOffice By Design Rectangular and Half-Moon Meeting Room Tables,-1148.4375,,
Balt Solid Wood Round Tables,-1201.0581,,
Martin Yale Chadless Opener Electric Letter Opener,-1299.1836,,
Cisco TelePresence System EX90 Videoconferencing Unit,-1811.0784,,
GBC DocuBind P400 Electric Binding System,-1878.1662,,
Bush Advantage Collection Racetrack Conference Table,-1934.3976,,
Chromcraft Bull-Nose Wood Oval Conference Tables & Bases,-2876.1156,,
Cubify CubeX 3D Printer Triple Head Print,-3839.9904,,
Lexmark MX611dhe Monochrome Laser Printer,-4589.973,,
Cubify CubeX 3D Printer Double Head Print,-8879.9704,,
Grand Total,286397.0217,,